-- phpMyAdmin SQL Dump
-- version 5.2.0
-- https://www.phpmyadmin.net/
--
-- Host: 127.0.0.1:3306
-- Generation Time: May 20, 2023 at 09:11 PM
-- Server version: 8.0.33
-- PHP Version: 8.0.26

SET SQL_MODE = "NO_AUTO_VALUE_ON_ZERO";
START TRANSACTION;
SET time_zone = "+00:00";


/*!40101 SET @OLD_CHARACTER_SET_CLIENT=@@CHARACTER_SET_CLIENT */;
/*!40101 SET @OLD_CHARACTER_SET_RESULTS=@@CHARACTER_SET_RESULTS */;
/*!40101 SET @OLD_COLLATION_CONNECTION=@@COLLATION_CONNECTION */;
/*!40101 SET NAMES utf8mb4 */;

--
-- Database: `gppi`
--

-- --------------------------------------------------------

--
-- Table structure for table `bu_depts`
--

DROP TABLE IF EXISTS `bu_depts`;
CREATE TABLE IF NOT EXISTS `bu_depts` (
  `id` bigint UNSIGNED NOT NULL AUTO_INCREMENT,
  `name` varchar(255) COLLATE utf8mb4_unicode_ci DEFAULT NULL,
  PRIMARY KEY (`id`)
) ENGINE=InnoDB AUTO_INCREMENT=7 DEFAULT CHARSET=utf8mb4 COLLATE=utf8mb4_unicode_ci;

--
-- Dumping data for table `bu_depts`
--

INSERT INTO `bu_depts` (`id`, `name`) VALUES
(1, 'Cardinals'),
(2, 'Heart'),
(3, 'Knights'),
(4, 'OB'),
(5, 'Phoenix'),
(6, 'Trade /Institutional / KAM');

-- --------------------------------------------------------

--
-- Table structure for table `car_brands`
--

DROP TABLE IF EXISTS `car_brands`;
CREATE TABLE IF NOT EXISTS `car_brands` (
  `id` bigint UNSIGNED NOT NULL AUTO_INCREMENT,
  `name` varchar(255) COLLATE utf8mb4_unicode_ci DEFAULT NULL,
  PRIMARY KEY (`id`)
) ENGINE=InnoDB AUTO_INCREMENT=7 DEFAULT CHARSET=utf8mb4 COLLATE=utf8mb4_unicode_ci;

--
-- Dumping data for table `car_brands`
--

INSERT INTO `car_brands` (`id`, `name`) VALUES
(1, 'Toyota'),
(2, 'Honda'),
(3, 'Mitsubishi'),
(4, 'Suzuki'),
(5, 'Kia'),
(6, 'Hyundai');

-- --------------------------------------------------------

--
-- Table structure for table `car_expenses`
--

DROP TABLE IF EXISTS `car_expenses`;
CREATE TABLE IF NOT EXISTS `car_expenses` (
  `vehicle_id` bigint UNSIGNED DEFAULT NULL,
  `request_history_id` bigint UNSIGNED DEFAULT NULL,
  `total_expenses` varchar(255) COLLATE utf8mb4_unicode_ci DEFAULT NULL,
  KEY `car_expenses_vehicle_id_foreign` (`vehicle_id`),
  KEY `car_expenses_request_history_id_foreign` (`request_history_id`)
) ENGINE=InnoDB DEFAULT CHARSET=utf8mb4 COLLATE=utf8mb4_unicode_ci;

-- --------------------------------------------------------

--
-- Table structure for table `failed_jobs`
--

DROP TABLE IF EXISTS `failed_jobs`;
CREATE TABLE IF NOT EXISTS `failed_jobs` (
  `id` bigint UNSIGNED NOT NULL AUTO_INCREMENT,
  `uuid` varchar(255) COLLATE utf8mb4_unicode_ci NOT NULL,
  `connection` text COLLATE utf8mb4_unicode_ci NOT NULL,
  `queue` text COLLATE utf8mb4_unicode_ci NOT NULL,
  `payload` longtext COLLATE utf8mb4_unicode_ci NOT NULL,
  `exception` longtext COLLATE utf8mb4_unicode_ci NOT NULL,
  `failed_at` timestamp NOT NULL DEFAULT CURRENT_TIMESTAMP,
  PRIMARY KEY (`id`),
  UNIQUE KEY `failed_jobs_uuid_unique` (`uuid`)
) ENGINE=InnoDB DEFAULT CHARSET=utf8mb4 COLLATE=utf8mb4_unicode_ci;

-- --------------------------------------------------------

--
-- Table structure for table `migrations`
--

DROP TABLE IF EXISTS `migrations`;
CREATE TABLE IF NOT EXISTS `migrations` (
  `id` int UNSIGNED NOT NULL AUTO_INCREMENT,
  `migration` varchar(255) COLLATE utf8mb4_unicode_ci NOT NULL,
  `batch` int NOT NULL,
  PRIMARY KEY (`id`)
) ENGINE=InnoDB AUTO_INCREMENT=15 DEFAULT CHARSET=utf8mb4 COLLATE=utf8mb4_unicode_ci;

--
-- Dumping data for table `migrations`
--

INSERT INTO `migrations` (`id`, `migration`, `batch`) VALUES
(1, '2014_10_12_100000_create_password_resets_table', 1),
(2, '2019_08_19_000000_create_failed_jobs_table', 1),
(3, '2019_12_14_000001_create_personal_access_tokens_table', 1),
(4, '2023_05_14_195752_create_roles_table', 1),
(5, '2023_05_14_195923_create_bu_depts_table', 1),
(6, '2023_05_14_200102_create_car_brands_table', 1),
(7, '2023_05_14_200138_create_models_table', 1),
(8, '2023_05_14_200603_create_mode_of_transactions_table', 1),
(9, '2023_05_14_200650_create_type_of_requests_table', 1),
(10, '2023_05_14_200728_create_statuses_table', 1),
(11, '2023_05_14_202105_create_vehicles_table', 1),
(12, '2023_05_14_202142_create_users_table', 1),
(13, '2023_05_14_202216_create_request_histories_table', 1),
(14, '2023_05_14_202301_create_car_expenses_table', 1);

-- --------------------------------------------------------

--
-- Table structure for table `models`
--

DROP TABLE IF EXISTS `models`;
CREATE TABLE IF NOT EXISTS `models` (
  `id` bigint UNSIGNED NOT NULL AUTO_INCREMENT,
  `name` varchar(255) COLLATE utf8mb4_unicode_ci DEFAULT NULL,
  `car_brand_id` bigint UNSIGNED DEFAULT NULL,
  PRIMARY KEY (`id`),
  KEY `models_car_brand_id_foreign` (`car_brand_id`)
) ENGINE=InnoDB AUTO_INCREMENT=35 DEFAULT CHARSET=utf8mb4 COLLATE=utf8mb4_unicode_ci;

--
-- Dumping data for table `models`
--

INSERT INTO `models` (`id`, `name`, `car_brand_id`) VALUES
(1, 'WIGO 1.0 G M/T', 1),
(2, 'VIOS BASE M/T', 1),
(3, 'VIOS 1.3 J M/T', 1),
(4, 'VIOS 1.3 E M/T', 1),
(5, 'VIOS 1.3 E A/T', 1),
(6, 'VIOS 1.3 XE CVT A/T', 1),
(7, 'VIOS 1.3 XLE AT', 1),
(8, 'VIOS 1.5 G M/T', 1),
(9, 'VIOS 1.5 G A/T', 1),
(10, 'RAIZE 1.0 TURBO CVT - S5-011', 1),
(11, 'RAIZE 1.2 G CVT A/T', 1),
(12, 'RAIZE 1.2 E M/T', 1),
(13, 'ALTIS 1.6 G A/T', 1),
(14, 'RUSH 1.5 E A/T', 1),
(15, 'RUSH E 1.5 A/T - YR-004', 1),
(16, 'AVANZA 1.3 J M/T', 1),
(17, 'INNOVA 2.8G DSL A/T', 1),
(18, 'AVANZA 1.3 E M/T', 1),
(19, 'COROLLA CROSS 1.8L G CVT A/T', 1),
(20, 'HR-V 1.8E CVT A/T', 2),
(21, 'ODYSSEY EX CVT A/T', 2),
(22, 'CRV V DIESEL AT', 2),
(23, 'BRV 1.5 S CVT A/T', 2),
(24, 'BRIO 1.2 V CVT A/T', 2),
(25, 'CITY 1.5 V CVT AT', 2),
(26, 'CITY 1.5 S CVT A/T', 2),
(27, 'XPANDER GLX PLUS 1.5G A/T', 3),
(28, 'ERTIGA 1.5 GL M/T', 4),
(29, 'ERTIGA 1.5 GL A/T', 4),
(30, 'ERTIGA 1.5 GA M/T', 4),
(31, 'PICANTO 1.0L EX MT', 5),
(32, 'CRETA 1.5 GLS IVT', 6),
(33, 'VENUE 1.6L GL A/T', 6),
(34, 'GETZ 1.1 L M/T', 6);

-- --------------------------------------------------------

--
-- Table structure for table `mode_of_transactions`
--

DROP TABLE IF EXISTS `mode_of_transactions`;
CREATE TABLE IF NOT EXISTS `mode_of_transactions` (
  `id` bigint UNSIGNED NOT NULL AUTO_INCREMENT,
  `name` varchar(255) COLLATE utf8mb4_unicode_ci DEFAULT NULL,
  PRIMARY KEY (`id`)
) ENGINE=InnoDB AUTO_INCREMENT=5 DEFAULT CHARSET=utf8mb4 COLLATE=utf8mb4_unicode_ci;

--
-- Dumping data for table `mode_of_transactions`
--

INSERT INTO `mode_of_transactions` (`id`, `name`) VALUES
(1, 'Purchase Order'),
(2, 'Shell Service Card'),
(3, 'Corporate Credit Card  (NON-PO Based Service Center and Fleet Emergency Related Expense)'),
(4, 'Cash Payment / Reimbursement');

-- --------------------------------------------------------

--
-- Table structure for table `password_resets`
--

DROP TABLE IF EXISTS `password_resets`;
CREATE TABLE IF NOT EXISTS `password_resets` (
  `email` varchar(255) COLLATE utf8mb4_unicode_ci NOT NULL,
  `token` varchar(255) COLLATE utf8mb4_unicode_ci NOT NULL,
  `created_at` timestamp NULL DEFAULT NULL,
  KEY `password_resets_email_index` (`email`)
) ENGINE=InnoDB DEFAULT CHARSET=utf8mb4 COLLATE=utf8mb4_unicode_ci;

-- --------------------------------------------------------

--
-- Table structure for table `personal_access_tokens`
--

DROP TABLE IF EXISTS `personal_access_tokens`;
CREATE TABLE IF NOT EXISTS `personal_access_tokens` (
  `id` bigint UNSIGNED NOT NULL AUTO_INCREMENT,
  `tokenable_type` varchar(255) COLLATE utf8mb4_unicode_ci NOT NULL,
  `tokenable_id` bigint UNSIGNED NOT NULL,
  `name` varchar(255) COLLATE utf8mb4_unicode_ci NOT NULL,
  `token` varchar(64) COLLATE utf8mb4_unicode_ci NOT NULL,
  `abilities` text COLLATE utf8mb4_unicode_ci,
  `last_used_at` timestamp NULL DEFAULT NULL,
  `created_at` timestamp NULL DEFAULT NULL,
  `updated_at` timestamp NULL DEFAULT NULL,
  PRIMARY KEY (`id`),
  UNIQUE KEY `personal_access_tokens_token_unique` (`token`),
  KEY `personal_access_tokens_tokenable_type_tokenable_id_index` (`tokenable_type`,`tokenable_id`)
) ENGINE=InnoDB DEFAULT CHARSET=utf8mb4 COLLATE=utf8mb4_unicode_ci;

-- --------------------------------------------------------

--
-- Table structure for table `request_histories`
--

DROP TABLE IF EXISTS `request_histories`;
CREATE TABLE IF NOT EXISTS `request_histories` (
  `id` bigint UNSIGNED NOT NULL AUTO_INCREMENT,
  `user_id` bigint UNSIGNED DEFAULT NULL,
  `particulars` varchar(255) COLLATE utf8mb4_unicode_ci DEFAULT NULL,
  `mode_of_transaction_id` bigint UNSIGNED DEFAULT NULL,
  `type_of_request_id` bigint UNSIGNED DEFAULT NULL,
  `quotation_amount` decimal(8,2) DEFAULT NULL,
  `fleet_nego_amount` decimal(8,2) DEFAULT NULL,
  `shop_name` varchar(255) COLLATE utf8mb4_unicode_ci DEFAULT NULL,
  `status_id` bigint UNSIGNED DEFAULT NULL,
  `date_of_submission` date DEFAULT NULL,
  `date_of_evaluation` date DEFAULT NULL,
  `date_of_approval` date DEFAULT NULL,
  `po_number` varchar(255) COLLATE utf8mb4_unicode_ci DEFAULT NULL,
  `po_date` varchar(255) COLLATE utf8mb4_unicode_ci DEFAULT NULL,
  `po_copy` varchar(255) COLLATE utf8mb4_unicode_ci DEFAULT NULL,
  PRIMARY KEY (`id`),
  KEY `request_histories_user_id_foreign` (`user_id`),
  KEY `request_histories_mode_of_transaction_id_foreign` (`mode_of_transaction_id`),
  KEY `request_histories_type_of_request_id_foreign` (`type_of_request_id`),
  KEY `request_histories_status_id_foreign` (`status_id`)
) ENGINE=InnoDB DEFAULT CHARSET=utf8mb4 COLLATE=utf8mb4_unicode_ci;

-- --------------------------------------------------------

--
-- Table structure for table `roles`
--

DROP TABLE IF EXISTS `roles`;
CREATE TABLE IF NOT EXISTS `roles` (
  `id` bigint UNSIGNED NOT NULL AUTO_INCREMENT,
  `name` varchar(255) COLLATE utf8mb4_unicode_ci DEFAULT NULL,
  PRIMARY KEY (`id`)
) ENGINE=InnoDB AUTO_INCREMENT=6 DEFAULT CHARSET=utf8mb4 COLLATE=utf8mb4_unicode_ci;

--
-- Dumping data for table `roles`
--

INSERT INTO `roles` (`id`, `name`) VALUES
(1, 'user'),
(2, 'evaluator'),
(3, 'final_approv'),
(4, 'director'),
(5, 'po_creator');

-- --------------------------------------------------------

--
-- Table structure for table `statuses`
--

DROP TABLE IF EXISTS `statuses`;
CREATE TABLE IF NOT EXISTS `statuses` (
  `id` bigint UNSIGNED NOT NULL AUTO_INCREMENT,
  `name` varchar(255) COLLATE utf8mb4_unicode_ci DEFAULT NULL,
  PRIMARY KEY (`id`)
) ENGINE=InnoDB AUTO_INCREMENT=12 DEFAULT CHARSET=utf8mb4 COLLATE=utf8mb4_unicode_ci;

--
-- Dumping data for table `statuses`
--

INSERT INTO `statuses` (`id`, `name`) VALUES
(1, 'Submitted'),
(2, 'Approved by Evaluator'),
(3, 'Disapproved by Evaluator'),
(4, 'Approved by Final Approver'),
(5, 'Disapproved by Final Approver'),
(6, 'Transfer Approval'),
(7, 'Approved by Dept Head'),
(8, 'Disapproved by Dept Head'),
(9, 'PO issued'),
(10, 'PO cancelled'),
(11, 'Service confirmed');

-- --------------------------------------------------------

--
-- Table structure for table `type_of_requests`
--

DROP TABLE IF EXISTS `type_of_requests`;
CREATE TABLE IF NOT EXISTS `type_of_requests` (
  `id` bigint UNSIGNED NOT NULL AUTO_INCREMENT,
  `name` varchar(255) COLLATE utf8mb4_unicode_ci DEFAULT NULL,
  PRIMARY KEY (`id`)
) ENGINE=InnoDB AUTO_INCREMENT=6 DEFAULT CHARSET=utf8mb4 COLLATE=utf8mb4_unicode_ci;

--
-- Dumping data for table `type_of_requests`
--

INSERT INTO `type_of_requests` (`id`, `name`) VALUES
(1, 'PMS'),
(2, 'Corrective'),
(5, 'Fuel');

-- --------------------------------------------------------

--
-- Table structure for table `users`
--

DROP TABLE IF EXISTS `users`;
CREATE TABLE IF NOT EXISTS `users` (
  `id` bigint UNSIGNED NOT NULL AUTO_INCREMENT,
  `employee-code` varchar(255) COLLATE utf8mb4_unicode_ci DEFAULT NULL,
  `name` varchar(255) COLLATE utf8mb4_unicode_ci DEFAULT NULL,
  `vehicle_id` bigint UNSIGNED DEFAULT NULL,
  `role_id` bigint UNSIGNED DEFAULT NULL,
  `email` varchar(255) COLLATE utf8mb4_unicode_ci DEFAULT NULL,
  `password` varchar(255) COLLATE utf8mb4_unicode_ci DEFAULT NULL,
  `remember_token` varchar(100) COLLATE utf8mb4_unicode_ci DEFAULT NULL,
  `email_verified_at` timestamp NULL DEFAULT NULL,
  `bu_dept_id` bigint UNSIGNED DEFAULT NULL,
  `dl_no` varchar(255) COLLATE utf8mb4_unicode_ci DEFAULT NULL,
  `dl_issued_date` date DEFAULT NULL,
  `dl_copy` varchar(255) COLLATE utf8mb4_unicode_ci DEFAULT NULL,
  PRIMARY KEY (`id`),
  UNIQUE KEY `users_email_unique` (`email`),
  KEY `users_vehicle_id_foreign` (`vehicle_id`),
  KEY `users_role_id_foreign` (`role_id`),
  KEY `users_bu_dept_id_foreign` (`bu_dept_id`)
) ENGINE=InnoDB DEFAULT CHARSET=utf8mb4 COLLATE=utf8mb4_unicode_ci;

-- --------------------------------------------------------

--
-- Table structure for table `vehicles`
--

DROP TABLE IF EXISTS `vehicles`;
CREATE TABLE IF NOT EXISTS `vehicles` (
  `id` bigint UNSIGNED NOT NULL AUTO_INCREMENT,
  `plate_no` varchar(255) COLLATE utf8mb4_unicode_ci DEFAULT NULL,
  `cs_no` varchar(255) CHARACTER SET utf8mb4 COLLATE utf8mb4_unicode_ci DEFAULT NULL,
  `year_model` varchar(255) COLLATE utf8mb4_unicode_ci DEFAULT NULL,
  `model_id` bigint UNSIGNED DEFAULT NULL,
  `engine_no` varchar(255) COLLATE utf8mb4_unicode_ci DEFAULT NULL,
  `chassis_no` varchar(255) COLLATE utf8mb4_unicode_ci DEFAULT NULL,
  `color` varchar(255) CHARACTER SET utf8mb4 COLLATE utf8mb4_unicode_ci DEFAULT NULL,
  `financing` varchar(200) CHARACTER SET utf8mb4 COLLATE utf8mb4_unicode_ci DEFAULT NULL,
  `acquisition_year` year DEFAULT NULL,
  `date_acquired` date DEFAULT NULL,
  `date_due` date DEFAULT NULL,
  `lto_renewal_date` date DEFAULT NULL,
  `lto_or_copy` varchar(255) COLLATE utf8mb4_unicode_ci DEFAULT NULL,
  `lto_cr_copy` varchar(255) COLLATE utf8mb4_unicode_ci DEFAULT NULL,
  PRIMARY KEY (`id`),
  UNIQUE KEY `vehicles_plate_no_unique` (`plate_no`),
  KEY `vehicles_model_id_foreign` (`model_id`)
) ENGINE=InnoDB AUTO_INCREMENT=481 DEFAULT CHARSET=utf8mb4 COLLATE=utf8mb4_unicode_ci;

--
-- Dumping data for table `vehicles`
--

INSERT INTO `vehicles` (`id`, `plate_no`, `cs_no`, `year_model`, `model_id`, `engine_no`, `chassis_no`, `color`, `financing`, `acquisition_year`, `date_acquired`, `date_due`, `lto_renewal_date`, `lto_or_copy`, `lto_cr_copy`) VALUES
(1, 'Z3J033', 'Z3J033', '2023', 15, '2NR4A14308', 'MHKE8FF2PPK009852', 'BRONZE MICA METALLIC', 'Orix', 2023, '2023-12-05', '2029-12-05', NULL, NULL, NULL),
(2, 'Z3F774', 'Z3F774', '2023', 15, '2NR4A11348', 'MHKE8FF2PPK009839', 'WHITE 2', 'Orix', 2023, '2023-12-05', '2029-12-05', NULL, NULL, NULL),
(3, 'Z3J118', 'Z3J118', '2023', 15, '2NR4A12701', 'MHKE8FF2PPK009847', 'SILVER MICA METALLIC', 'Orix', 2023, '2023-12-05', '2029-12-05', NULL, NULL, NULL),
(4, 'Z2U441', 'Z2U441', '2023', 10, '1KRA767314', 'MHKAA1BA4PJ078515', 'WHITE PEARL SE', 'Orix', 2023, '2023-12-05', '2029-12-05', NULL, NULL, NULL),
(5, 'E3W466', 'E3W466', '2023', 25, 'L15ZB1400982', 'MRHGN2640PT060054', 'METEOROID GRAY METALLIC', 'Orix', 2023, '2023-12-05', '2029-12-05', NULL, NULL, NULL),
(6, 'Z1T963', 'Z1T963', '2023', 3, '1NRX959516', 'PA1B18F35P4200322', 'SUPER WHITE II', 'PNB', 2023, '2023-03-10', '2029-03-08', NULL, NULL, NULL),
(7, 'Z1U093', 'Z1U093', '2023', 3, '1NRX959525', 'PA1B18F34P4200411', 'SUPER WHITE II', 'PNB', 2023, '2023-03-10', '2029-03-08', NULL, NULL, NULL),
(8, 'Z2Y246', 'Z2Y246', '2023', 3, '1NRX968042', 'PA1B18F31P4204657', 'SUPER WHITE II', 'PNB', 2023, '2023-03-10', '2029-03-08', NULL, NULL, NULL),
(9, 'Z2Y459', 'Z2Y459', '2023', 3, '1NRX969586', 'PA1B18F30P4204830', 'SUPER WHITE II', 'PNB', 2023, '2023-03-10', '2029-03-08', NULL, NULL, NULL),
(10, 'Z2Y397', 'Z2Y397', '2023', 3, '1NRX969516', 'PA1B18F39P4204793', 'SUPER WHITE II', 'PNB', 2023, '2023-03-10', '2029-03-08', NULL, NULL, NULL),
(11, 'Z2Y840', 'Z2Y840', '2023', 3, '1NRX970617', 'PA1B18F36P4205058', 'RED MICA METALLIC', 'PNB', 2023, '2023-03-10', '2029-03-08', NULL, NULL, NULL),
(12, 'Z2Y820', 'Z2Y820', '2023', 3, '1NRX975183', 'PA1B18F3XP4205094', 'RED MICA METALLIC', 'PNB', 2023, '2023-03-10', '2029-03-08', NULL, NULL, NULL),
(13, 'Z2Y903', 'Z2Y903', '2023', 3, '1NRX975293', 'PA1B18F38P4205143', 'RED MICA METALLIC', 'PNB', 2023, '2023-03-10', '2029-03-08', NULL, NULL, NULL),
(14, 'Z2Y666', 'Z2Y666', '2023', 3, '1NRX970435', 'PA1B18F34P4204975', 'RED MICA METALLIC', 'PNB', 2023, '2023-03-10', '2029-03-08', NULL, NULL, NULL),
(15, 'Z2Y769', 'Z2Y769', '2023', 3, '1NRX970499', 'PA1B18F30P4205007', 'RED MICA METALLIC', 'PNB', 2023, '2023-03-10', '2029-03-08', NULL, NULL, NULL),
(16, 'Z2Z144', 'Z2Z144', '2023', 3, '1NRX995033', 'PA1B18F32P4205316', 'SILVER METALLIC 1', 'PNB', 2023, '2023-03-10', '2029-03-08', NULL, NULL, NULL),
(17, 'Z2Z191', 'Z2Z191', '2023', 3, '1NRX995061', 'PA1B18F32P4205350', 'SILVER METALLIC 1', 'PNB', 2023, '2023-03-10', '2029-03-08', NULL, NULL, NULL),
(18, 'Z3B349', 'Z3B349', '2023', 3, '1NRX996205', 'PA1B18F31P4205386', 'SILVER METALLIC 1', 'PNB', 2023, '2023-03-10', '2029-03-08', NULL, NULL, NULL),
(19, 'Z3B385', 'Z3B385', '2023', 3, '1NRX997517', 'PA1B18F39P4205412', 'SILVER METALLIC 1', 'PNB', 2023, '2023-03-10', '2029-03-08', NULL, NULL, NULL),
(20, 'Z3B437', 'Z3B437', '2023', 3, '1NRX997584', 'PA1B18F3XP4205449', 'SILVER METALLIC 1', 'PNB', 2023, '2023-03-10', '2029-03-08', NULL, NULL, NULL),
(21, 'Z3B319', 'Z3B319', '2023', 3, '1NRX996188', 'PA1B18F32P4205364', 'ALUMINA JADE METALLIC', 'PNB', 2023, '2023-03-10', '2029-03-08', NULL, NULL, NULL),
(22, 'Z3B398', 'Z3B398', '2023', 3, '1NRX997511', 'PA1B18F3XP4205404', 'ALUMINA JADE METALLIC', 'Orix', 2023, '2023-03-29', '2029-03-27', NULL, NULL, NULL),
(23, 'Z3B432', 'Z3B432', '2023', 3, '1NRX997559', 'PA1B18F33P4205440', 'ALUMINA JADE METALLIC', 'Orix', 2023, '1920-01-01', '1920-01-01', NULL, NULL, NULL),
(24, 'Z3B475', 'Z3B475', '2023', 3, '1NRX998025', 'PA1B18F30P4205475', 'ALUMINA JADE METALLIC', 'Orix', 2023, '1920-01-01', '1920-01-01', NULL, NULL, NULL),
(25, 'E3S055', 'E3S055', '2023', 26, 'L15ZB1400077', 'MRHGN2620PT060058', 'METEORIOD GRAY METALLIC', '', 2023, '2023-06-02', '2029-02-04', NULL, NULL, NULL),
(26, 'E3T393', 'E3T393', '2023', 26, 'L15ZB1400411', 'MRHGN2620PT060150', 'CRYSTAK BLACK PEARL', '', 2023, '2023-06-02', '2029-02-04', NULL, NULL, NULL),
(27, 'E3T390', 'E3T390', '2023', 26, 'L15ZB1400401', 'MRHGN2620PT060144', 'CRYSTAK BLACK PEARL', '', 2023, '2023-06-02', '2029-02-04', NULL, NULL, NULL),
(28, 'NII5083', 'Z2A934', '2023', 12, 'WA0103800', 'MHKAB1BA4NJ038123', 'SILVER METALLIC 4', '', 2023, '2023-01-25', '2029-01-23', NULL, NULL, NULL),
(29, 'Z1Q656', 'Z1Q656', '2023', 16, '1NRX990982', 'MHFAA1BY3N0010009', 'SILVER METALLIC 4', 'PNB', 2022, '2022-12-29', '2028-12-27', NULL, NULL, NULL),
(30, 'NIH8443', 'Z0Q469', '2023', 3, '1NRX940997', 'PA1B18F38N4194674', 'ALUMINA JADE METALLIC', 'PNB', 2023, '2023-12-01', '2029-01-10', NULL, NULL, NULL),
(31, 'NIH8425', 'Z0Q691', '2023', 3, '1NRX942337', 'PA1B18F38N4194822', 'SILVER METALLIC 1', 'PNB', 2023, '2023-12-01', '2029-01-10', NULL, NULL, NULL),
(32, 'NIH8424', 'Z0X274', '2023', 3, '1NRX944353', 'PA1B18F39N4195557', 'SILVER METALLIC 1', 'PNB', 2023, '2023-12-01', '2029-01-10', NULL, NULL, NULL),
(33, 'NIH8434', 'Z0X886', '2023', 3, '1NRX945428', 'PA1B18F35N4195880', 'ALUMINA JADE METALLIC', 'PNB', 2023, '2023-12-01', '2029-01-10', NULL, NULL, NULL),
(34, 'NIH8433', 'Z0U823', '2023', 3, '1NRX943416', 'PA1B18F34N4195255', 'RED MICA METALLIC', 'PNB', 2023, '2023-12-01', '2029-01-10', NULL, NULL, NULL),
(35, 'NIH8445', 'Z0U524', '2023', 3, '1NRX942529', 'PA1B18F35N4195071', 'RED MICA METALLIC', 'PNB', 2023, '2023-12-01', '2029-01-10', NULL, NULL, NULL),
(36, 'NII5856', 'Z1J692', '2023', 12, 'WA0108186', 'MHKAB1BA1NJ033798', 'SILVER METALLIC 4', 'PNB', 2023, '2023-01-19', '2029-01-17', NULL, NULL, NULL),
(37, 'NIH8406', 'Z1Z100', '2023', 12, 'WA0113235', 'MHKAB1BA3NJ037531', 'GRAY METALLIC', 'PNB', 2023, '2023-01-19', '2029-01-17', NULL, NULL, NULL),
(38, 'G4D853', 'G4D853', '2023', 30, 'K15BT1422344', 'MHYNC22SXPJ107144', 'SILKY SILVER METALLIC', 'PNB', 2023, '1920-01-01', '1920-01-01', NULL, NULL, NULL),
(39, 'NIH8440', 'Z0U652', '2023', 3, '1NRX943359', 'PA1B18F37N4195170', 'ALUMINA JADE METALLIC', 'PNB', 2023, '2023-12-01', '2029-01-10', NULL, NULL, NULL),
(40, 'NIH8426', 'Z0U720', '2023', 3, '1NRX943406', 'PA1B18F30N4195219', 'ALUMINA JADE METALLIC', 'PNB', 2023, '2023-12-01', '2029-01-10', NULL, NULL, NULL),
(41, 'NIH8442', 'Z0U789', '2023', 3, '1NRX943420', 'PA1B18F34N4195269', 'ALUMINA JADE METALLIC', 'PNB', 2023, '2023-12-01', '2029-01-10', NULL, NULL, NULL),
(42, 'NIH8427', 'Z1B111', '2023', 3, '1NRX948832', 'PA1B18F35N4196477', 'ALUMINA JADE METALLIC', 'PNB', 2023, '2023-12-01', '2029-01-10', NULL, NULL, NULL),
(43, 'Z0X167', 'Z0X167', '2023', 3, '1NRX944340', 'PA1B18F37N4195508', 'RED MICA METALLIC', 'PNB', 2023, '2023-12-01', '2029-01-10', NULL, NULL, NULL),
(44, 'NIH8421', 'Z0Q603', '2023', 3, '1NRX941259', 'PA1B18F34N4194753', 'RED MICA METALLIC', 'PNB', 2023, '2023-12-01', '2029-01-10', NULL, NULL, NULL),
(45, 'NIH8419', 'Z0U907', '2023', 3, '1NRX943510', 'PA1B18F34N4195319', 'RED MICA METALLIC', 'PNB', 2023, '2023-12-01', '2029-01-10', NULL, NULL, NULL),
(46, 'NIH8420', 'Z0Q629', '2023', 3, '1NRX941283', 'PA1B18F3XN4194773', 'SILVER METALLIC 1', 'PNB', 2023, '2023-12-01', '2029-01-10', NULL, NULL, NULL),
(47, 'NIH8436', 'Z0U706', '2023', 3, '1NRX943367', 'PA1B18F33N4195201', 'SILVER METALLIC 1', 'PNB', 2023, '2023-12-01', '2029-01-10', NULL, NULL, NULL),
(48, 'NIH8444', 'Z0X590', '2023', 3, '1NRX945363', 'PA1B18F37N4195766', 'SILVER METALLIC 1', 'PNB', 2023, '2023-12-01', '2029-01-10', NULL, NULL, NULL),
(49, 'NIH8439', 'Z0X361', '2023', 3, '1NRX944386', 'PA1B18F31N4195617', 'SILVER METALLIC 1', 'PNB', 2023, '2023-12-01', '2029-01-10', NULL, NULL, NULL),
(50, 'NIH8417', 'Z0Q571', '2023', 3, '1NRX941255', 'PA1B18F32N4194735', 'ALUMINA JADE METALLIC', 'PNB', 2023, '2023-12-01', '2029-01-10', NULL, NULL, NULL),
(51, 'NIH8407', 'Z0X627', '2023', 3, '1NRX945367', 'PA1B18F37N4195783', 'ALUMINA JADE METALLIC', 'PNB', 2023, '2023-12-01', '2029-01-10', NULL, NULL, NULL),
(52, 'NIH8413', 'Z1C928', '2023', 3, '1NRX951284', 'PA1B18F33N4196929', 'ALUMINA JADE METALLIC', 'PNB', 2023, '2023-12-01', '2029-01-10', NULL, NULL, NULL),
(53, 'NIH8415', 'Z0Y067', '2023', 3, '1NRX946413', 'PA1B18F30N4196063', 'RED MICA METALLIC', 'PNB', 2023, '2023-12-01', '2029-01-10', NULL, NULL, NULL),
(54, 'NIH8414', 'Z0U991', '2023', 3, '1NRX943570', 'PA1B18F38N4195372', 'RED MICA METALLIC', 'PNB', 2023, '2023-12-01', '2029-01-10', NULL, NULL, NULL),
(55, 'NIH8411', 'Z0Y312', '2023', 3, '1NRX946497', 'PA1B18F36N4196195', 'RED MICA METALLIC', 'PNB', 2023, '2023-12-01', '2029-01-10', NULL, NULL, NULL),
(56, 'NIH8410', 'Z0Y150', '2023', 3, '1NRX946446', 'PA1B18F30N4196127', 'RED MICA METALLIC', 'PNB', 2023, '2023-12-01', '2029-01-10', NULL, NULL, NULL),
(57, 'NIH8416', 'Z0X947', '2023', 3, '1NRX945553', 'PA1B18F34N4195997', 'RED MICA METALLIC', 'PNB', 2023, '2023-12-01', '2029-01-10', NULL, NULL, NULL),
(58, 'NIH8422', 'Z0Q666', '2023', 3, '1NRX941292', 'PA1B18F32N4194802', 'RED MICA METALLIC', 'PNB', 2023, '2023-12-01', '2029-01-10', NULL, NULL, NULL),
(59, 'NIH8412', 'Z0X319', '2023', 3, '1NRX944344', 'PA1B18F38N4195520', 'SILVER METALLIC 1', 'PNB', 2023, '2023-12-01', '2029-01-10', NULL, NULL, NULL),
(60, 'NIH8423', 'Z0U737', '2023', 3, '1NRX943410', 'PA1B18F30N4195236', 'SILVER METALLIC 1', 'PNB', 2023, '2023-12-01', '2029-01-10', NULL, NULL, NULL),
(61, 'NIH6028', 'Z1R506', '2023', 14, '2NRG954649', 'MHKE8FF2PNK009574', 'WHITE 2', 'PNB', 2022, '2023-01-05', '2029-01-03', NULL, NULL, NULL),
(62, 'NIH6027', 'Z1O893', '2023', 19, '2ZRY971117', 'MR2KUAAG0N0059919', 'METAL STREAM METALLIC', 'PNB', 2022, '2023-01-05', '2029-01-03', NULL, NULL, NULL),
(63, 'NHC7902', 'Z1N948', '2023', 6, '1NRX961314', 'PA1B18F35N4199198', 'ALUMINA JADE METALLIC', 'PNB', 2022, '2022-12-21', '2028-12-19', NULL, NULL, NULL),
(64, 'NIH6026', 'Z1Q884', '2023', 11, 'WAA007180', 'MHKAB1BA1NJ034367', 'SILVER METALLIC 4', 'PNB', 2022, '2022-12-28', '2028-12-26', NULL, NULL, NULL),
(65, 'NIG9632', 'Z1E085', '2023', 16, '1NRX979274', 'MHFAA1BY7N0009218', 'GREENISH GUN METAL MICA', 'PNB', 2022, '2022-12-22', '2028-12-20', NULL, NULL, NULL),
(66, 'K2T769', 'K2T769', '2023', 32, 'G4FLNQ119087', 'MF3PB812EPJ018253', 'RED', 'PNB', 2022, '2022-12-29', '2028-12-27', NULL, NULL, NULL),
(67, 'NIG9640', 'Z0L188', '2023', 11, 'WAA002135', 'MHKAB1BA2NJ029341', 'SILVER METALLIC 4', 'PNB', 2022, '2022-12-19', '2028-12-17', NULL, NULL, NULL),
(68, 'NIG9634', 'Z1F792', '2023', 11, 'WAA006231', 'MHKAB1BA5NJ033674', 'SILVER METALLIC 4', 'PNB', 2022, '2022-12-19', '2028-12-17', NULL, NULL, NULL),
(69, 'NIG9651', 'Z1F798', '2023', 11, 'WAA006234', 'MHKAB1BA5NJ033691', 'SILVER METALLIC 4', 'PNB', 2022, '2022-12-19', '2028-12-17', NULL, NULL, NULL),
(70, 'NIG9645', 'Z0V828', '2023', 12, 'WA0096447', 'MHKAB1BA3NJ031678', 'SILVER METALLIC 4', 'PNB', 2022, '2022-12-19', '2028-12-17', NULL, NULL, NULL),
(71, 'NIG7904', 'Z0J778', '2023', 2, '1NRX910836', 'PA1B18F3XN4193445', 'SILVER METALLIC 1', 'UNION BANK', 2022, '2022-10-11', '2028-11-08', NULL, NULL, NULL),
(72, 'NIG9648', 'Z1L192', '2023', 11, 'WAA006548', 'MHKAB1BA3NJ033978', 'RED 2', 'PNB', 2022, '2022-12-21', '2028-12-19', NULL, NULL, NULL),
(73, 'NIG9636', 'Z1L137', '2023', 11, 'WAA006563', 'MHKAB1BA3NJ033964', 'RED 2', 'PNB', 2022, '2022-12-19', '2028-12-17', NULL, NULL, NULL),
(74, 'NIG9639', 'Z1E532', '2023', 16, '1NRX979867', 'MHFAA1BY0N0009304', 'BLACK METALLIC 1', 'PNB', 2022, '2022-12-21', '2028-12-19', NULL, NULL, NULL),
(75, 'NIG9641', 'Z0P196', '2023', 16, '1NRX962008', 'MHFAA1BY3N0008132', 'SILVER METALLIC 4', 'PNB', 2022, '2022-12-21', '2028-12-19', NULL, NULL, NULL),
(76, 'NIG9650', 'Z0T502', '2023', 12, 'WA0106473', 'MHKAB1BA7NJ031165', 'SILVER METALLIC 4', 'PNB', 2022, '2022-12-19', '2028-12-17', NULL, NULL, NULL),
(77, 'NIG9646', 'Z0O923', '2023', 12, 'WA0096412', 'MHKAB1BA1NJ030688', 'GRAY METALLIC', 'PNB', 2022, '2022-12-19', '2028-12-17', NULL, NULL, NULL),
(78, 'NIG9649', 'Z0V909', '2023', 12, 'WA0098714', 'MHKAB1BA5NJ031603', 'GRAY METALLIC', 'PNB', 2022, '2022-12-19', '2028-12-17', NULL, NULL, NULL),
(79, 'NIG9642', 'Z1J609', '2023', 12, 'WA0105359', 'MHKAB1BA8NJ033913', 'GRAY METALLIC', 'PNB', 2022, '2022-12-19', '2028-12-17', NULL, NULL, NULL),
(80, 'NIF3666', 'Z0E796', '2023', 3, '1NRX907694', 'PA1B18F31N4192300', 'ALUMINA JADE METALLIC', 'UNION BANK', 2022, '2022-09-11', '2028-11-07', NULL, NULL, NULL),
(81, 'NIF3665', 'Z0J925', '2023', 3, '1NRX910945', 'PA1B18F35N4193532', 'RED MICA METALLIC', 'UNION BANK', 2022, '2022-09-11', '2028-11-07', NULL, NULL, NULL),
(82, 'NIF3672', 'Z0F748', '2023', 2, '1NRX908751', 'PA1B18F36N4192647', 'SILVER METALLIC 1', 'UNION BANK', 2022, '2022-11-11', '2028-11-09', NULL, NULL, NULL),
(83, 'NIF3671', 'Z0M544', '2023', 2, '1NRX912126', 'PA1B18F38N4193945', 'SILVER METALLIC 1', 'UNION BANK', 2022, '2022-10-11', '2028-11-08', NULL, NULL, NULL),
(84, 'NIF3678', 'Z0E800', '2023', 2, '1NRX907696', 'PA1B18F38N4192312', 'SUPER WHITE II', 'UNION BANK', 2022, '2022-10-11', '2028-11-08', NULL, NULL, NULL),
(85, 'NIF6821', 'Z0M300', '2023', 3, '1NRX911872', 'PA1B18F35N4193790', 'SUPER WHITE II', 'UNION BANK', 2022, '2022-09-11', '2028-11-07', NULL, NULL, NULL),
(86, 'NIF3679', 'Z0H763', '2023', 2, '1NRX909033', 'PA1B18F37N4192849', 'SILVER METALLIC 1', 'UNION BANK', 2022, '2022-10-11', '2028-11-08', NULL, NULL, NULL),
(87, 'NIF3691', 'Z0F621', '2023', 2, '1NRX907895', 'PA1B18F37N4192446', 'SUPER WHITE II', 'UNION BANK', 2022, '2022-11-11', '2028-11-09', NULL, NULL, NULL),
(88, 'NIF3692', 'Z0J120', '2023', 2, '1NRX909790', 'PA1B18F3XN4193025', 'SILVER METALLIC 1', 'UNION BANK', 2022, '2022-11-11', '2028-11-09', NULL, NULL, NULL),
(89, 'NFP2686', 'Z0F399', '2023', 3, '1NRX908103', 'PA1B18F33N4192556', 'RED MICA METALLIC', 'UNION BANK', 2022, '2022-09-11', '2028-11-07', NULL, NULL, NULL),
(90, 'NFP2685', 'Z0F459', '2023', 3, '1NRX908110', 'PA1B18F3XN4192585', 'ALUMINA JADE METALLIC', 'UNION BANK', 2022, '2022-09-11', '2028-11-07', NULL, NULL, NULL),
(91, 'NFP2688', 'Z0F782', '2023', 3, '1NRX908850', 'PA1B18F30N4192689', 'ALUMINA JADE METALLIC', 'UNION BANK', 2022, '2022-09-11', '2028-11-07', NULL, NULL, NULL),
(92, 'NFP2684', 'Z0F670', '2023', 3, '1NRX907899', 'PA1B18F34N4192467', 'SILVER METALLIC 1', 'UNION BANK', 2022, '2022-09-11', '2028-11-07', NULL, NULL, NULL),
(93, 'NFP2687', 'Z0F335', '2023', 3, '1NRX908008', 'PA1B18F37N4192527', 'SILVER METALLIC 1', 'UNION BANK', 2022, '2022-09-11', '2028-11-07', NULL, NULL, NULL),
(94, 'NIF8232', 'Z0M865', '2023', 2, '1NRX934452', 'PA1B18F36N4194155', 'SILVER METALLIC 1', 'UNION BANK', 2022, '2022-10-11', '2028-11-08', NULL, NULL, NULL),
(95, 'NIF3682', 'Z0F533', '2023', 2, '1NRX907805', 'PA1B18F37N4192379', 'SUPER WHITE II', 'UNION BANK', 2022, '2022-10-11', '2028-11-08', NULL, NULL, NULL),
(96, 'NIF3690', 'Z0F433', '2023', 2, '1NRX908107', 'PA1B18F32N4192581', 'SUPER WHITE II', 'UNION BANK', 2022, '2022-11-11', '2028-11-09', NULL, NULL, NULL),
(97, 'NIF3673', 'Z0J545', '2023', 2, '1NRX910594', 'PA1B18F37N4193306', 'SILVER METALLIC 1', 'UNION BANK', 2022, '2022-10-11', '2028-11-08', NULL, NULL, NULL),
(98, 'NIF3683', 'Z0J453', '2023', 2, '1NRX910484', 'PA1B18F3XN4193235', 'SILVER METALLIC 1', 'UNION BANK', 2022, '2022-10-11', '2028-11-08', NULL, NULL, NULL),
(99, 'NIF3689', 'Z0J230', '2023', 2, '1NRX909892', 'PA1B18F30N4193096', 'SILVER METALLIC 1', 'UNION BANK', 2022, '2022-11-11', '2028-11-09', NULL, NULL, NULL),
(100, 'NIF3687', 'Z0K096', '2023', 2, '1NRX911682', 'PA1B18F31N4193656', 'SILVER METALLIC 1', 'UNION BANK', 2022, '2022-10-11', '2028-11-08', NULL, NULL, NULL),
(101, 'NIF3686', 'Z0H842', '2023', 2, '1NRX909132', 'PA1B18F37N4192916', 'SILVER METALLIC 1', 'UNION BANK', 2022, '2022-11-11', '2028-11-09', NULL, NULL, NULL),
(102, 'NIF3688', 'Z0H771', '2023', 2, '1NRX908854', 'PA1B18F38N4192715', 'SILVER METALLIC 1', 'UNION BANK', 2022, '2022-11-11', '2028-11-09', NULL, NULL, NULL),
(103, 'NIF3685', 'Z0J323', '2023', 2, '1NRX909979', 'PA1B18F34N4193165', 'SILVER METALLIC 1', 'UNION BANK', 2022, '2022-10-11', '2028-11-08', NULL, NULL, NULL),
(104, 'NIF3676', 'Z0H641', '2023', 2, '1NRX908936', 'PA1B18F31N4192782', 'SILVER METALLIC 1', 'UNION BANK', 2022, '2022-11-11', '2028-11-09', NULL, NULL, NULL),
(105, 'NIF3675', 'Z0F319', '2023', 2, '1NRX908006', 'PA1B18F39N4192514', 'SUPER WHITE II', 'UNION BANK', 2022, '2022-11-11', '2028-11-09', NULL, NULL, NULL),
(106, 'NFP2683', 'Z0J850', '2023', 3, '1NRX910905', 'PA1B18F35N4193501', 'SILVER METALLIC 1', 'UNION BANK', 2022, '2022-09-11', '2028-11-07', NULL, NULL, NULL),
(107, 'NFP2697', 'Z0J551', '2023', 3, '1NRX910596', 'PA1B18F32N4193309', 'RED MICA METALLIC', 'UNION BANK', 2022, '2022-09-11', '2028-11-07', NULL, NULL, NULL),
(108, 'NFP2696', 'Z0J683', '2023', 3, '1NRX910727', 'PA1B18F37N4193385', 'SILVER METALLIC 1', 'UNION BANK', 2022, '2022-09-11', '2028-11-07', NULL, NULL, NULL),
(109, 'NFP2694', 'Z0J758', '2023', 3, '1NRX910834', 'PA1B18F38N4193444', 'SILVER METALLIC 1', 'UNION BANK', 2022, '2022-09-11', '2028-11-07', NULL, NULL, NULL),
(110, 'NFP2695', 'Z0J108', '2023', 3, '1NRX909786', 'PA1B18F32N4193004', 'RED MICA METALLIC', 'UNION BANK', 2022, '2022-09-11', '2028-11-07', NULL, NULL, NULL),
(111, 'NFP2682', 'Z0F750', '2023', 3, '1NRX908756', 'PA1B18F36N4192664', 'RED MICA METALLIC', 'UNION BANK', 2022, '2022-09-11', '2028-11-07', NULL, NULL, NULL),
(112, 'NFP2693', 'Z0F687', '2023', 3, '1NRX907999', 'PA1B18F39N4192495', 'ALUMINA JADE METALLIC', 'UNION BANK', 2022, '2022-09-11', '2028-11-07', NULL, NULL, NULL),
(113, 'NFP2689', 'Z0E875', '2023', 3, '1NRX907801', 'PA1B18F31N4192362', 'SILVER METALLIC 1', 'UNION BANK', 2022, '2022-09-11', '2028-11-07', NULL, NULL, NULL),
(114, 'NIF6820', 'Z0U614', '2023', 3, '1NRX943332', 'PA1B18F39N4195137', 'SILVER METALLIC 1', 'UNION BANK', 2022, '2022-11-11', '2028-11-09', NULL, NULL, NULL),
(115, 'NFP2699', 'Z0J411', '2023', 3, '1NRX910480', 'PA1B18F32N4193214', 'RED MICA METALLIC', 'UNION BANK', 2022, '2022-09-11', '2028-11-07', NULL, NULL, NULL),
(116, 'NFP2679', 'Z0F568', '2023', 3, '1NRX907890', 'PA1B18F34N4192422', 'SILVER METALLIC 1', 'UNION BANK', 2022, '2022-09-11', '2028-11-07', NULL, NULL, NULL),
(117, 'NFP2691', 'Z0F521', '2023', 3, '1NRX907808', 'PA1B18F31N4192393', 'ALUMINA JADE METALLIC', 'UNION BANK', 2022, '2022-09-11', '2028-11-07', NULL, NULL, NULL),
(118, 'NIH8441', 'S8O528', '2022', 3, '1NRX877474', 'PA1B18F31N4184147', 'RED MICA METALLIC', 'PNB', 2023, '2023-12-01', '2029-01-10', NULL, NULL, NULL),
(119, 'NII5082', 'S9H485', '2022', 3, '1NRX901369', 'PA1B18F30N4188190', 'SUPER WHITE II', 'PNB', 2023, '2023-12-01', '2029-01-10', NULL, NULL, NULL),
(120, 'E3P923', 'E3P923', '2022', 24, 'L12B34802548', 'MHRDD1860NJ001069', 'TAFFETA WHITE', 'PNB', 2022, '2022-12-27', '2028-12-25', NULL, NULL, NULL),
(121, 'E3O604', 'E3O604', '2022', 26, 'L15ZB1203627', 'MRHGN2620NT061480', 'LUNAR SILVER METALLIC', 'PNB', 2022, '2022-12-29', '2028-12-27', NULL, NULL, NULL),
(122, 'NFO2702', 'S8X025', '2022', 3, '1NRX887571', 'PA1B18F31N4186156', 'SUPER WHITE II', 'UNION BANK', 2022, '2022-03-10', '2028-10-01', NULL, NULL, NULL),
(123, 'NFP5577', 'S8Z267', '2022', 3, '1NRX889231', 'PA1B18F38N4186543', 'SUPER WHITE II', 'UNION BANK', 2022, '2022-03-10', '2028-10-01', NULL, NULL, NULL),
(124, 'NFP5574', 'S9C908', '2022', 3, '1NRX891864', 'PA1B18F34N4187043', 'SILVER METALLIC 1', 'UNION BANK', 2022, '2022-03-10', '2028-10-01', NULL, NULL, NULL),
(125, 'NFP5576', 'S9G232', '2022', 3, '1NRX896640', 'PA1B18F38N4187837', 'SILVER METALLIC 1', 'UNION BANK', 2022, '2022-03-10', '2028-10-01', NULL, NULL, NULL),
(126, 'NFP5581', 'S8Z207', '2022', 3, '1NRX889143', 'PA1B18F33N4186501', 'SUPER WHITE II', 'UNION BANK', 2022, '2022-03-10', '2028-10-01', NULL, NULL, NULL),
(127, 'NFP5582', 'S7W817', '2022', 3, '1NRX864958', 'PA1B18F35N4180926', 'SILVER METALLIC 1', 'UNION BANK', 2022, '2022-03-10', '2028-10-01', NULL, NULL, NULL),
(128, 'NFP5579', 'S8X007', '2022', 3, '1NRX887567', 'PA1B18F32N4186148', 'SUPER WHITE II', 'UNION BANK', 2022, '2022-03-10', '2028-10-01', NULL, NULL, NULL),
(129, 'NFP5578', 'S8X318', '2022', 3, '1NRX887787', 'PA1B18F36N4186346', 'SUPER WHITE II', 'UNION BANK', 2022, '2022-09-30', '2028-09-28', NULL, NULL, NULL),
(130, 'NFP5580', 'S8X002', '2022', 3, '1NRX887563', 'PA1B18F33N4186143', 'SUPER WHITE II', 'UNION BANK', 2022, '2022-03-10', '2028-10-01', NULL, NULL, NULL),
(131, 'NFP5583', 'S8X308', '2022', 3, '1NRX887785', 'PA1B18F30N4186343', 'SUPER WHITE II', 'UNION BANK', 2022, '2022-03-10', '2028-10-01', NULL, NULL, NULL),
(132, 'NFP5584', 'S9G468', '2022', 3, '1NRX896758', 'PA1B18F38N4187904', 'RED MICA METALLIC', 'UNION BANK', 2022, '2022-03-10', '2028-10-01', NULL, NULL, NULL),
(133, 'NFP7881', 'S9A791', '2022', 3, '1NRX888986', 'PA1B18F34N4186443', 'SILVER METALLIC 1', 'UNION BANK', 2022, '2022-03-10', '2028-10-01', NULL, NULL, NULL),
(134, 'NES2879', 'S3Y777', '2022', 18, '1NRG160823', 'MHKM5EE2FMK017252', 'CHAMPAGNE', 'METROPOLITAN BANK AND TRUST COMPANY', 2021, '1920-01-01', '1920-01-01', NULL, NULL, NULL),
(135, 'NES6197', 'G3L179', '2022', 30, 'K15BT1322649', 'MHYNC22S7NJ108426', 'RADIANT RED PEARL', 'METROPOLITAN BANK AND TRUST COMPANY', 2021, '1920-01-01', '1920-01-01', NULL, NULL, NULL),
(136, 'NIF3670', 'Z0B011', '2022', 3, '1NRX906841', 'PA1B18F3XN4191615', 'RED MICA METALLIC', 'UNION BANK', 2022, '2022-11-08', '2028-11-06', NULL, NULL, NULL),
(137, 'NIF3681', 'Z0A186', '2022', 3, '1NRX906563', 'PA1B18F33N4191441', 'RED MICA METALLIC', 'UNION BANK', 2022, '2022-11-08', '2028-11-06', NULL, NULL, NULL),
(138, 'NIF3680', 'S9T502', '2022', 2, '1NRX904068', 'PA1B18F38N4190253', 'SUPER WHITE II', 'UNION BANK', 2022, '2022-11-11', '2028-11-09', NULL, NULL, NULL),
(139, 'NIF3674', 'S9T431', '2022', 2, '1NRX904022', 'PA1B18F39N4190214', 'SUPER WHITE II', 'UNION BANK', 2022, '2022-11-10', '2028-11-08', NULL, NULL, NULL),
(140, 'NIF3684', 'S9W439', '2022', 2, '1NRX904340', 'PA1B18F34N4190587', 'SILVER METALLIC 1', 'UNION BANK', 2022, '2022-11-10', '2028-11-08', NULL, NULL, NULL),
(141, 'NIF3677', 'S9T395', '2022', 2, '1NRX903954', 'PA1B18F37N4190194', 'SUPER WHITE II', 'UNION BANK', 2022, '2022-11-10', '2028-11-08', NULL, NULL, NULL),
(142, 'NFP2680', 'S8X301', '2022', 3, '1NRX887783', 'PA1B18F31N4186335', 'ALUMINA JADE METALLIC', 'UNION BANK', 2022, '2022-11-09', '2028-11-07', NULL, NULL, NULL),
(143, 'NFP2676', 'S9Z985', '2022', 3, '1NRX906226', 'PA1B18F37N4191278', 'ALUMINA JADE METALLIC', 'UNION BANK', 2022, '2022-11-08', '2028-11-06', NULL, NULL, NULL),
(144, 'NFP2690', 'Z0A765', '2022', 3, '1NRX906431', 'PA1B18F3XN4191386', 'ALUMINA JADE METALLIC', 'UNION BANK', 2022, '2022-11-08', '2028-11-06', NULL, NULL, NULL),
(145, 'NFP2681', 'Z0A818', '2022', 3, '1NRX906642', 'PA1B18F36N4191496', 'ALUMINA JADE METALLIC', 'UNION BANK', 2022, '2022-11-08', '2028-11-06', NULL, NULL, NULL),
(146, 'NFP2692', 'Z0A993', '2022', 3, '1NRX906831', 'PA1B18F35N4191571', 'ALUMINA JADE METALLIC', 'UNION BANK', 2022, '2022-11-08', '2028-11-06', NULL, NULL, NULL),
(147, 'NFP2698', 'Z0A847', '2022', 3, '1NRX906713', 'PA1B18F36N4191515', 'RED MICA METALLIC', 'UNION BANK', 2022, '2022-11-08', '2028-11-06', NULL, NULL, NULL),
(148, 'NFP2678', 'S9X382', '2022', 3, '1NRX903825', 'PA1B18F34N4191206', 'ALUMINA JADE METALLIC', 'UNION BANK', 2022, '2022-11-08', '2028-11-06', NULL, NULL, NULL),
(149, 'NFP2700', 'S9Z905', '2022', 3, '1NRX906154', 'PA1B18F3XN4191226', 'RED MICA METALLIC', 'UNION BANK', 2022, '2022-11-08', '2028-11-06', NULL, NULL, NULL),
(150, 'NFO2699', 'S8L504', '2022', 3, '1NRX875968', 'PA1B18F3XN4183577', 'SILVER METALLIC 1', 'UNION BANK', 2022, '2022-10-03', '2028-10-01', NULL, NULL, NULL),
(151, 'NFO2700', 'S8W992', '2022', 3, '1NRX886797', 'PA1B18F35N4186077', 'SUPER WHITE II', 'UNION BANK', 2022, '2022-10-03', '2028-10-01', NULL, NULL, NULL),
(152, 'NFO2701', 'S8W989', '2022', 3, '1NRX886960', 'PA1B18F32N4186134', 'SUPER WHITE II', 'UNION BANK', 2022, '2022-10-03', '2028-10-01', NULL, NULL, NULL),
(153, 'NFO2853', 'S8X339', '2022', 3, '1NRX887791', 'PA1B18F39N4186356', 'SUPER WHITE II', 'UNION BANK', 2022, '2022-10-03', '2028-10-01', NULL, NULL, NULL),
(154, 'NFO2857', 'S8Z259', '2022', 3, '1NRX889229', 'PA1B18F34N4186538', 'SUPER WHITE II', 'UNION BANK', 2022, '2022-10-03', '2028-10-01', NULL, NULL, NULL),
(155, 'NFO2855', 'S9G410', '2022', 3, '1NRX897041', 'PA1B18F31N4187954', 'RED MICA METALLIC', 'UNION BANK', 2022, '2022-10-03', '2028-10-01', NULL, NULL, NULL),
(156, 'NFO2821', 'S8X045', '2022', 3, '1NRX887593', 'PA1B18F3XN4186169', 'SUPER WHITE II', 'UNION BANK', 2022, '2022-10-04', '2028-10-02', NULL, NULL, NULL),
(157, 'NFO2820', 'S8X071', '2022', 3, '1NRX887575', 'PA1B18F30N4186164', 'SUPER WHITE II', 'UNION BANK', 2022, '2022-10-03', '2028-10-01', NULL, NULL, NULL),
(158, 'NFO2856', 'S8W921', '2022', 3, '1NRX886803', 'PA1B18F34N4186085', 'SUPER WHITE II', 'UNION BANK', 2022, '2022-10-03', '2028-10-01', NULL, NULL, NULL),
(159, 'NGX9074', 'E3F080', '2022', 23, 'L15Z17350016', 'MRHDG1820NP000025', 'METEORIOD GRAY METALLIC', 'METROPOLITAN BANK AND TRUST COMPANY', 2022, '2022-03-17', '2028-03-15', NULL, NULL, NULL),
(160, 'NEQ5479', 'G3N453', '2022', 28, 'K15BT1338956', 'MHYNC22S3NJ111016', 'PEARLSNOWWHITE', 'METROPOLITAN BANK AND TRUST COMPANY', 2021, '2021-12-23', '2027-12-22', NULL, NULL, NULL),
(161, 'NFG4697', 'G3M271', '2022', 30, 'K15BT1327947', 'MHYNC22S1NJ109457', 'BURGUNDY RED', 'METROPOLITAN BANK AND TRUST COMPANY', 2021, '2021-12-23', '2027-12-22', NULL, NULL, NULL),
(162, 'NES8542', 'G3L341', '2022', 29, 'K15BT1324795', 'MHYNC22S2NJ108933', 'PEARL SNOW', 'METROPOLITAN BANK AND TRUST COMPANY', 2021, '2021-12-03', '2027-12-02', NULL, NULL, NULL),
(163, 'NES8540', 'G3L372', '2022', 28, 'K15BT1322185', 'MHYNC22S5NJ108280', 'PEARL SNOW', 'METROPOLITAN BANK AND TRUST COMPANY', 2021, '2021-12-03', '2027-12-02', NULL, NULL, NULL),
(164, 'NES8541', 'G3L344', '2022', 29, 'K15BT1325231', 'MHYNC22S1NJ109054', 'PEARL SNOW', 'METROPOLITAN BANK AND TRUST COMPANY', 2021, '2021-12-03', '2027-12-02', NULL, NULL, NULL),
(165, 'NEL8412', 'K1Z399', '2022', 33, 'G4FGMU103587', 'KMHRB812BNU143458', 'POLAR WHITE', 'METROPOLITAN BANK AND TRUST COMPANY', 2021, '2021-11-19', '2027-11-18', NULL, NULL, NULL),
(166, 'NES3845', 'G3L181', '2022', 30, 'K15BT1323711', 'MHYNC22S1NJ108700', 'RADIANT RED PEARL', 'METROPOLITAN BANK AND TRUST COMPANY', 2021, '2021-11-19', '2027-11-18', NULL, NULL, NULL),
(167, 'NFI4549', 'S3U013', '2021', 3, '1NRX735780', 'PA1B18F37M4159185', 'ALUMINA JADE METALLIC', 'UNION BANK', 2021, '2021-10-29', '2027-10-28', NULL, NULL, NULL),
(168, 'NFI4550', 'S3V183', '2021', 3, '1NRX736181', 'PA1B18F31M4159604', 'ALUMINA JADE METALLIC', 'UNION BANK', 2021, '2021-10-29', '2027-10-28', NULL, NULL, NULL),
(169, 'NFI4547', 'P9A184', '2021', 2, '1NRX619910', 'PA1B18F30L4125085', 'FREEDOM WHITE', 'UNION BANK', 2021, '2021-10-29', '2027-10-28', NULL, NULL, NULL),
(170, 'NEX5062', 'S3S822', '2021', 3, '1NRX734886', 'PA1B18F38M4158675', 'ALUMINA JADE METALLIC', 'UNION BANK', 2021, '2021-10-29', '2027-10-28', NULL, NULL, NULL),
(171, 'NFI4545', 'P9A337', '2021', 2, '1NRX620894', 'PA1B18F30L4125202', 'FREEDOM WHITE', 'UNION BANK', 2021, '2021-10-29', '2027-10-28', NULL, NULL, NULL),
(172, 'NFI4546', 'P9A238', '2021', 2, '1NRX619922', 'PA1B18F35L4125129', 'FREEDOM WHITE', 'UNION BANK', 2021, '2021-10-29', '2027-10-28', NULL, NULL, NULL),
(173, 'NFI4557', 'P9C222', '2021', 2, '1NRX620930', 'PA1B18F39L4125327', 'FREEDOM WHITE', 'UNION BANK', 2021, '2021-10-29', '2027-10-28', NULL, NULL, NULL),
(174, 'NER4089', 'E3C953', '2021', 20, 'R18ZF4121853', 'MRHRU5830MP020704', 'MODERN STEEL METALLIC', 'METROPOLITAN BANK AND TRUST COMPANY', 2021, '2021-12-23', '2027-12-22', NULL, NULL, NULL),
(175, 'NES2873', 'S3Y381', '2021', 7, '1NRX747247', 'PA1B18F3XM4161027', 'BLACK', 'METROPOLITAN BANK AND TRUST COMPANY', 2021, '1920-01-01', '1920-01-01', NULL, NULL, NULL),
(176, 'NES6959', 'E3B926', '2021', 23, 'L15Z17336831', 'MRHDG1820MP001526', 'MODERN STEEL METALLIC', 'METROPOLITAN BANK AND TRUST COMPANY', 2021, '2021-11-29', '2027-11-28', NULL, NULL, NULL),
(177, 'NES1169', 'E2S922', '2021', 26, 'L15ZB1002179', 'MRHGN2620MT060853', 'MODERN STEEL METALLIC', 'METROPOLITAN BANK AND TRUST COMPANY', 2021, '2021-11-19', '2027-11-18', NULL, NULL, NULL),
(178, 'NES1170', 'E2Z447', '2021', 26, 'L15ZB1005235', 'MRHGN2620MT062059', 'MODERN STEEL METALLIC', 'METROPOLITAN BANK AND TRUST COMPANY', 2021, '2021-11-19', '2027-11-18', NULL, NULL, NULL),
(179, 'NES1172', 'E2Z453', '2021', 26, 'L15ZB1005298', 'MRHGN2620MT062125', 'MODERN STEEL METALLIC', 'METROPOLITAN BANK AND TRUST COMPANY', 2021, '2021-11-19', '2027-11-18', NULL, NULL, NULL),
(180, 'NES1171', 'E2W759', '2021', 26, 'L15ZB1003928', 'MRHGN2620MT061887', 'IGNITE RED METALLIC', 'METROPOLITAN BANK AND TRUST COMPANY', 2021, '2021-11-19', '2027-11-18', NULL, NULL, NULL),
(181, 'NES1682', 'S4C276', '2021', 7, '1NRX749102', 'PA1B18F38M4162287', 'GRAYISH BLUE MICA METALLIC', 'METROPOLITAN BANK AND TRUST COMPANY', 2021, '2021-11-19', '2027-11-18', NULL, NULL, NULL),
(182, 'NFI4558', 'P9C675', '2021', 2, '1NRX621380', 'PA1B18F36L4125656', 'FREEDOM WHITE', 'UNION BANK', 2021, '2021-10-29', '2027-10-28', NULL, NULL, NULL),
(183, 'NFI4548', 'S3T966', '2021', 3, '1NRX735776', 'PA1B18F39M4159155', 'ALUMINA JADE METALLIC', 'UNION BANK', 2021, '2021-10-29', '2027-10-28', NULL, NULL, NULL),
(184, 'NFI4552', 'S3W458', '2021', 3, '1NRX738541', 'PA1B18F37M4160417', 'ALUMINA JADE METALLIC', 'UNION BANK', 2021, '2021-10-29', '2027-10-28', NULL, NULL, NULL),
(185, 'NFI4553', 'P9C973', '2021', 2, '1NRX622528', 'PA1B18F32L4125864', 'FREEDOM WHITE', 'UNION BANK', 2021, '2021-10-29', '2027-10-28', NULL, NULL, NULL),
(186, 'NFI4561', 'S2Y676', '2021', 3, '1NRX719589', 'PA1B18F38M4152701', 'THERMALYTE', 'UNION BANK', 2021, '2021-10-29', '2027-10-28', NULL, NULL, NULL),
(187, 'NEX4549', 'S3R655', '2021', 3, '1NRX734485', 'PA1B18F3XM4158337', 'ALUMINA JADE METALLIC', 'UNION BANK', 2021, '2021-10-29', '2027-10-28', NULL, NULL, NULL),
(188, 'NEX4558', 'S3R736', '2021', 3, '1NRX734509', 'PA1B18F33M4158390', 'ALUMINA JADE METALLIC', 'UNION BANK', 2021, '2021-10-29', '2027-10-28', NULL, NULL, NULL),
(189, 'NEX4556', 'S3S263', '2021', 3, '1NRX734838', 'PA1B18F39M4158572', 'ALUMINA JADE METALLIC', 'UNION BANK', 2021, '2021-10-29', '2027-10-28', NULL, NULL, NULL),
(190, 'NEX4515', 'P9C447', '2021', 2, '1NRX621336', 'PA1B18F30L4125491', 'FREEDOM WHITE', 'UNION BANK', 2021, '2021-10-29', '2027-10-28', NULL, NULL, NULL),
(191, 'NEX4514', 'P9A060', '2021', 2, '1NRX618846', 'PA1B18F3XL4125000', 'FREEDOM WHITE', 'UNION BANK', 2021, '2021-10-29', '2027-10-28', NULL, NULL, NULL),
(192, 'NEX4516', 'P9C732', '2021', 2, '1NRX621395', 'PA1B18F35L4125700', 'FREEDOM WHITE', 'UNION BANK', 2021, '2021-10-29', '2027-10-28', NULL, NULL, NULL),
(193, 'NEX4557', 'S3R866', '2021', 3, '1NRX734546', 'PA1B18F36M4158500', 'RED MICA METALLIC', 'UNION BANK', 2021, '2021-10-29', '2027-10-28', NULL, NULL, NULL),
(194, 'NEX4550', 'S3S262', '2021', 3, '1NRX734836', 'PA1B18F35M4158570', 'RED MICA METALLIC', 'UNION BANK', 2021, '2021-10-29', '2027-10-28', NULL, NULL, NULL),
(195, 'NEX4555', 'S3S962', '2021', 3, '1NRX734927', 'PA1B18F34M4158799', 'THERMALYTE', 'UNION BANK', 2021, '2021-10-29', '2027-10-28', NULL, NULL, NULL),
(196, 'NEX4553', 'S3T936', '2021', 3, '1NRX735774', 'PA1B18F36M4159145', 'THERMALYTE', 'UNION BANK', 2021, '2021-10-29', '2027-10-28', NULL, NULL, NULL),
(197, 'NEX4554', 'S3U089', '2021', 3, '1NRX736050', 'PA1B18F3XM4159262', 'THERMALYTE', 'UNION BANK', 2021, '2021-10-29', '2027-10-28', NULL, NULL, NULL),
(198, 'NEX4551', 'S3U967', '2021', 3, '1NRX736111', 'PA1B18F35M4159444', 'THERMALYTE', 'UNION BANK', 2021, '2021-10-29', '2027-10-28', NULL, NULL, NULL),
(199, 'NFI4560', 'P8Z922', '2021', 2, '1NRX618602', 'PA1B18F37L4124886', 'FREEDOM WHITE', 'UNION BANK', 2021, '2021-10-29', '2027-10-28', NULL, NULL, NULL),
(200, 'NFI4554', 'P9A475', '2021', 2, '1NRX620918', 'PA1B18F37L4125293', 'FREEDOM WHITE', 'UNION BANK', 2021, '2021-10-30', '2027-10-29', NULL, NULL, NULL),
(201, 'NFI4555', 'P9C611', '2021', 2, '1NRX621366', 'PA1B18F36L4125611', 'FREEDOM WHITE', 'UNION BANK', 2021, '2021-10-29', '2027-10-28', NULL, NULL, NULL),
(202, 'NFI4556', 'P8Z967', '2021', 2, '1NRX618612', 'PA1B18F33L4124920', 'FREEDOM WHITE', 'UNION BANK', 2021, '2021-10-29', '2027-10-28', NULL, NULL, NULL),
(203, 'NFI4559', 'P9A270', '2021', 2, '1NRX620235', 'PA1B18F31L4125158', 'FREEDOM WHITE', 'UNION BANK', 2021, '2021-10-29', '2027-10-28', NULL, NULL, NULL),
(204, 'NFI4551', 'S3V249', '2021', 3, '1NRX736455', 'PA1B18F35M4159668', 'ALUMINA JADE METALLIC', 'UNION BANK', 2021, '2021-10-29', '2027-10-28', NULL, NULL, NULL),
(205, 'NEX5061', 'S3R334', '2021', 3, '1NRX733166', 'PA1B18F30M4158105', 'ALUMINA JADE METALLIC', 'UNION BANK', 2021, '2021-10-29', '2027-10-28', NULL, NULL, NULL),
(206, 'NEX5063', 'S3R868', '2021', 3, '1NRX734548', 'PA1B18F33M4158504', 'ALUMINA JADE METALLIC', 'UNION BANK', 2021, '2021-10-29', '2027-10-28', NULL, NULL, NULL),
(207, 'NEX5054', 'S3S109', '2021', 3, '1NRX734859', 'PA1B18F36M4158609', 'ALUMINA JADE METALLIC', 'UNION BANK', 2021, '2021-10-29', '2027-10-28', NULL, NULL, NULL),
(208, 'NEX5052', 'S3S994', '2021', 3, '1NRX734929', 'PA1B18F31M4158808', 'ALUMINA JADE METALLIC', 'UNION BANK', 2021, '2021-10-29', '2027-10-28', NULL, NULL, NULL),
(209, 'NEX5058', 'S4A476', '2021', 3, '1NRX739417', 'PA1B18F30M4161473', 'FREEDOM WHITE', 'UNION BANK', 2021, '2021-10-29', '2027-10-28', NULL, NULL, NULL),
(210, 'NEX5056', 'S4A772', '2021', 3, '1NRX740157', 'PA1B18F30M4161747', 'FREEDOM WHITE', 'UNION BANK', 2021, '2021-10-29', '2027-10-28', NULL, NULL, NULL),
(211, 'NEX5059', 'S3R397', '2021', 3, '1NRX733174', 'PA1B18F32M4158154', 'RED MICA METALLIC', 'UNION BANK', 2021, '2021-10-29', '2027-10-28', NULL, NULL, NULL),
(212, 'NEX5057', 'S3R684', '2021', 3, '1NRX734489', 'PA1B18F32M4158347', 'RED MICA METALLIC', 'UNION BANK', 2021, '2021-10-29', '2027-10-28', NULL, NULL, NULL),
(213, 'NEX5064', 'S3S155', '2021', 3, '1NRX734863', 'PA1B18F30M4158623', 'RED MICA METALLIC', 'UNION BANK', 2021, '2021-10-29', '2027-10-28', NULL, NULL, NULL),
(214, 'NEX5053', 'S3V125', '2021', 3, '1NRX736173', 'PA1B18F39M4159575', 'THERMALYTE', 'UNION BANK', 2021, '2021-10-29', '2027-10-28', NULL, NULL, NULL),
(215, 'NEX4552', 'S3V191', '2021', 3, '1NRX736447', 'PA1B18F34M4159628', 'THERMALYTE', 'UNION BANK', 2021, '2021-10-29', '2027-10-28', NULL, NULL, NULL),
(216, 'NEX5060', 'S3V392', '2021', 3, '1NRX736495', 'PA1B18F38M4159776', 'THERMALYTE', 'UNION BANK', 2021, '2021-10-29', '2027-10-28', NULL, NULL, NULL),
(217, 'NBQ3068', 'B4Z219', '2019', 27, '4A91GG2987', 'MK2XRNC1WKN021441', 'TITANIUM GRAY', 'UNIVERSAL LMS FINANCE & LEASING CORP', 2019, '2019-02-18', '2024-02-17', NULL, NULL, NULL),
(218, 'NCA4353', 'A8Y256', '2019', 4, '1NRX374485', 'PA1B13F30J4072159', 'Thermalyte', 'UNIVERSAL LMS FINANCE & LEASING CORP', 2018, '2018-12-11', '2023-12-10', NULL, NULL, NULL),
(219, 'NEI8893', 'P1E672', '2019', 1, '1KRA494682', 'MHKA4DE5FKJ009908', 'RED', 'UNIVERSAL LMS FINANCE & LEASING CORP', 2019, '2019-04-05', '2025-04-04', NULL, NULL, NULL),
(220, 'NEI3515', 'P0K634', '2019', 1, '1KRA487843', 'MHKA4DE5FKJ009193', 'GRAY METALLIC', 'UNIVERSAL LMS FINANCE & LEASING CORP', 2019, '2019-04-05', '2025-04-01', NULL, NULL, NULL),
(221, 'NEI4337', 'P0P837', '2019', 1, '1KRA490400', 'MHKA4DE5FKJ009666', 'WHITE', 'UNIVERSAL LMS FINANCE & LEASING CORP', 2019, '2019-04-03', '2025-12-29', NULL, NULL, NULL),
(222, 'NEI3509', 'P0K646', '2019', 1, '1KRA487693', 'MHKA4DE5FKJ009161', 'WHITE', 'UNIVERSAL LMS FINANCE & LEASING CORP', 2019, '2019-04-09', '2025-03-26', NULL, NULL, NULL),
(223, 'NCS4080', 'A8I683', '2019', 13, '1ZRY525840', 'MR053REH1J6608377', 'GRAY METTALLIC', 'UNIVERSAL LMS FINANCE & LEASING CORP (A8I683)', 2018, '2019-02-22', '2024-01-06', NULL, NULL, NULL),
(224, 'NCA3844', 'A8T790', '2019', 3, '1NRX370729', 'PA1B113F32J4071191', 'FREEDOM WHITE', 'UNIVERSAL LMS FINANCE & LEASING CORP', 2018, '2018-12-12', '2023-12-11', NULL, NULL, NULL),
(225, 'NEI4333', 'P0X427', '2019', 1, '1KRA492861', 'MHKA4DE5FKJ009795', 'GRAY METALLIC', 'UNIVERSAL LMS FINANCE & LEASING CORP', 2019, '2019-04-03', '2025-04-22', NULL, NULL, NULL),
(226, 'NEI4332', 'P0P577', '2019', 1, '1KRA489797', 'MHKA4DE5FKJ009560', 'WHITE', 'UNIVERSAL LMS FINANCE & LEASING CORP', 2019, '2019-04-03', '2025-03-10', NULL, NULL, NULL),
(227, 'NBH4350', 'A7X336', '2019', 8, '2NRX353524', 'PA1B23F33J6005038', 'RED', 'UNIVERSAL LMS FINANCE & LEASING CORP', 2018, '2018-12-12', '2023-12-11', NULL, NULL, NULL),
(228, 'NGA4040', 'E1S299', '2019', 22, 'N16A52100097', 'MRHRW7850KP020054', 'CRYSTAK BLACK', 'UNIVERSAL LMS FINANCE & LEASING CORP', 2020, '2020-08-27', '2025-08-26', NULL, NULL, NULL),
(229, 'NCA4755', 'A9O243', '2019', 3, '1NRX385403', 'PA1B13F35J4075039', 'RED', 'UNIVERSAL LMS FINANCE & LEASING CORP', 2018, '2018-12-15', '2023-12-14', NULL, NULL, NULL),
(230, 'NCA3839', 'A9O234', '2019', 3, '1NRX385391', 'PA1B13F32J4075029', 'RED', 'UNIVERSAL LMS FINANCE & LEASING CORP', 2018, '2018-12-12', '2023-12-11', NULL, NULL, NULL),
(231, 'NCA3850', 'A9O265', '2019', 3, '1NRX385417', 'PA1B13F33J4075055', 'ALUMINA JADE', 'UNIVERSAL LMS FINANCE & LEASING CORP', 2018, '2018-12-12', '2023-12-11', NULL, NULL, NULL),
(232, 'NBT7183', 'P0M913', '2019', 1, '1KRA489258', 'MHKA4DE5FKJ009434', 'WHITE', 'UNIVERSAL LMS FINANCE & LEASING CORP', 2019, '2019-04-25', '2024-04-23', NULL, NULL, NULL),
(233, 'NBT9402', 'P0C210', '2019', 1, '1KRA484623', 'MHKA4DE5FJJ008917', 'ORANGE METALLIC', 'UNIVERSAL LMS FINANCE & LEASING CORP', 2019, '2019-05-03', '2024-05-01', NULL, NULL, NULL),
(234, 'NBT9403', 'P0K532', '2019', 1, '1KRA486692', 'MHKA4DE5FKJ009200', 'WHITE', 'UNIVERSAL LMS FINANCE & LEASING CORP', 2019, '2019-05-03', '2024-05-01', NULL, NULL, NULL),
(235, 'NBT9404', 'P0N258', '2019', 1, '1KRA488523', 'MHKA4DE5FKJ009299', 'ORANGE METALLIC', 'UNIVERSAL LMS FINANCE & LEASING CORP', 2019, '2019-05-03', '2024-05-01', NULL, NULL, NULL),
(236, 'NBT7201', 'P1E885', '2019', 1, '1KRA495132', 'MHKA4DE5FKJ010017', 'SILVER METALLIC', 'UNIVERSAL LMS FINANCE & LEASING CORP', 2019, '2019-04-25', '2024-04-23', NULL, NULL, NULL),
(237, 'NBT7202', 'P1E993', '2019', 1, '1KRA494937', 'MHKA4DE5FKJ010014', 'ORANGE METALLIC', 'UNIVERSAL LMS FINANCE & LEASING CORP', 2019, '2019-04-25', '2024-04-23', NULL, NULL, NULL),
(238, 'NEI4377', 'P1B392', '2019', 1, '1KRA493999', 'MHKA4DE5FKJ009853', 'WHITE', 'UNIVERSAL LMS FINANCE & LEASING CORP', 2019, '2019-04-25', '2025-12-21', NULL, NULL, NULL),
(239, 'NEI4381', 'P1F024', '2019', 1, '1KRA494664', 'MHKA4DE5FKJ009909', 'ORANGE METALLIC', 'UNIVERSAL LMS FINANCE & LEASING CORP', 2019, '2019-04-25', '2024-04-23', NULL, NULL, NULL),
(240, 'NEI4375', 'P1B420', '2019', 1, '1KRA493822', 'MHKA4DE5FKJ009845', 'WHITE', 'UNIVERSAL LMS FINANCE & LEASING CORP', 2019, '2019-04-25', '2024-04-23', NULL, NULL, NULL),
(241, 'NEI4376', 'P0P599', '2019', 1, '1KRA489890', 'MHKA4DE5FKJ009558', 'ORANGE METALLIC', 'UNIVERSAL LMS FINANCE & LEASING CORP', 2019, '2019-04-15', '2024-04-13', NULL, NULL, NULL),
(242, 'NEI4380', 'P1E695', '2019', 1, '1KRA494918', 'MHKA4DE5FKJ009975', 'GRAY METTALLIC', 'UNIVERSAL LMS FINANCE & LEASING CORP', 2019, '2019-04-15', '2024-04-13', NULL, NULL, NULL),
(243, 'NEI4356', 'P1B412', '2019', 1, '1KRA493818', 'MHKA4DE5FKJ009839', 'SILVER METALLIC', 'UNIVERSAL LMS FINANCE & LEASING CORP', 2019, '2019-04-11', '2024-04-09', NULL, NULL, NULL),
(244, 'NEI4359', 'P0P615', '2019', 1, '1KRA489407', 'MHKA4DE5FKJ009516', 'BLACK', 'UNIVERSAL LMS FINANCE & LEASING CORP', 2019, '2019-04-11', '2024-04-09', NULL, NULL, NULL),
(245, 'NEI4341', 'P0P892', '2019', 1, '1KRA489557', 'MHKA4DE5FKJ009509', 'GRAY METALLIC', 'UNIVERSAL LMS FINANCE & LEASING CORP', 2019, '2019-04-10', '2024-04-08', NULL, NULL, NULL),
(246, 'NEI4379', 'P0C310', '2019', 1, '1KRA484335', 'MHKA4DE5FKJ008911', 'ORANGE METALLIC', 'UNIVERSAL LMS FINANCE & LEASING CORP', 2019, '2019-04-10', '2024-04-08', NULL, NULL, NULL),
(247, 'NEI4343', 'P1B403', '2019', 1, '1KRA493434', 'MHKA4DE5FKJ009816', 'BLACK', 'UNIVERSAL LMS FINANCE & LEASING CORP', 2019, '2019-04-10', '2024-04-08', NULL, NULL, NULL),
(248, 'NEI4357', 'P0P657', '2019', 1, '1KRA490146', 'MHKA4DE5FKJ009609', 'GRAY METALLIC', 'UNIVERSAL LMS FINANCE & LEASING CORP', 2019, '2019-04-10', '2024-04-08', NULL, NULL, NULL),
(249, 'NEI3512', 'P0N316', '2019', 1, '1KRA489474', 'MHKA4DE5FKJ009466', 'WHITE', 'UNIVERSAL LMS FINANCE & LEASING CORP', 2019, '2019-04-09', '2024-04-07', NULL, NULL, NULL),
(250, 'NEI4339', 'P0M814', '2019', 1, '1KRA487640', 'MHKA4DE5FKJ009307', 'WHITE', 'UNIVERSAL LMS FINANCE & LEASING CORP', 2019, '2019-04-05', '2024-04-03', NULL, NULL, NULL),
(251, 'NEI4335', 'P0M978', '2019', 1, '1KRA489586', 'MHKA4DE5FKJ009481', 'GRAY METALLIC', 'UNIVERSAL LMS FINANCE & LEASING CORP', 2019, '2019-04-08', '2024-04-06', NULL, NULL, NULL),
(252, 'NEI4338', 'P1E698', '2019', 1, '1KRA495010', 'MHKA4DE5FKJ009977', 'SILVER METALLIC', 'UNIVERSAL LMS FINANCE & LEASING CORP', 2019, '2019-04-05', '2024-04-03', NULL, NULL, NULL),
(253, 'NEI3514', 'P0M792', '2019', 1, '1KRA488429', 'MHKA4DE5FKJ009279', 'RED', 'UNIVERSAL LMS FINANCE & LEASING CORP', 2019, '2019-04-05', '2024-04-03', NULL, NULL, NULL),
(254, 'NEI3510', 'P1B414', '2019', 1, '1KRA493816', 'MHKA4DE5FKJ009837', 'RED', 'UNIVERSAL LMS FINANCE & LEASING CORP', 2019, '2019-04-05', '2024-04-03', NULL, NULL, NULL),
(255, 'NEI3513', 'P0S644', '2019', 1, '1KRA490548', 'MHKA4DE5FKJ009695', 'ORANGE METALLIC', 'UNIVERSAL LMS FINANCE & LEASING CORP', 2019, '2019-04-05', '2024-04-03', NULL, NULL, NULL),
(256, 'NEI3518', 'P0N296', '2019', 1, '1KRA488312', 'MHKA4DE5FKJ009264', 'RED', 'UNIVERSAL LMS FINANCE & LEASING CORP', 2019, '2019-04-05', '2024-04-03', NULL, NULL, NULL),
(257, 'NEI3517', 'P0H883', '2019', 1, '1KRA487303', 'MHKA4DE5FKJ009090', 'GRAY METALLIC', 'UNIVERSAL LMS FINANCE & LEASING CORP', 2019, '2019-04-03', '2024-04-01', NULL, NULL, NULL),
(258, 'NEI4334', 'P0X349', '2019', 1, '1KRA492914', 'MHKA4DE5FKJ009804', 'RED', 'UNIVERSAL LMS FINANCE & LEASING CORP', 2019, '2019-04-03', '2024-04-01', NULL, NULL, NULL),
(259, 'NEI3511', 'P0Q003', '2019', 1, '1KRA490232', 'MHKA4DE5FKJ009632', 'ORANGE METALLIC', 'UNIVERSAL LMS FINANCE & LEASING CORP', 2019, '2019-04-03', '2024-04-01', NULL, NULL, NULL),
(260, 'NEI3516', 'P0H692', '2019', 1, '1KRA487106', 'MHKA4DE5FKJ009032', 'SILVER METTALIC', 'UNIVERSAL LMS FINANCE & LEASING CORP', 2019, '2019-04-03', '2024-04-01', NULL, NULL, NULL),
(261, 'NEI4331', 'P0K392', '2019', 1, '1KRA487673', 'MHKA4DE5FKJ009158', 'BLACK', 'UNIVERSAL LMS FINANCE & LEASING CORP', 2019, '2019-04-03', '2024-04-01', NULL, NULL, NULL),
(262, 'NBQ3100', 'B4O683', '2019', 27, '4A91DT1547', 'MK2XRNC1WKN010261', 'STERLING SILVER METALLIC', 'UNIVERSAL LMS FINANCE & LEASING CORP', 2019, '2019-02-18', '2024-02-17', NULL, NULL, NULL),
(263, 'NBO8710', 'B4D576', '2019', 27, '4A91DR7796', 'MK2XRNC1WKN008512', 'QUARTZ WHITE PEARL', 'UNIVERSAL LMS FINANCE & LEASING CORP', 2019, '2019-02-08', '2024-02-07', NULL, NULL, NULL),
(264, 'NBO8697', 'B4R787', '2019', 27, '4A91GB3305', 'MK2XRNC1WKN018229', 'TITANIUM GRAY', 'UNIVERSAL LMS FINANCE & LEASING CORP', 2019, '2019-02-08', '2024-02-07', NULL, NULL, NULL),
(265, 'NCS1877', 'A8G879', '2019', 3, '1NRX362610', 'PA1B113F39J4069258', 'FREEDOM WHITE', 'UNIVERSAL LMS FINANCE & LEASING CORP', 2018, '2018-12-15', '2023-12-14', NULL, NULL, NULL),
(266, 'NBQ4735', 'A9I056', '2019', 4, '1NRX385031', 'PA1B13F3XJ4073769', 'GRAYISH BLUE', 'UNIVERSAL LMS FINANCE & LEASING CORP', 2018, '2018-12-15', '2023-12-14', NULL, NULL, NULL),
(267, 'NCS1651', 'A9D077', '2019', 3, '1NRX377753', 'PA1B13F36J4073204', 'FREEDOM WHITE', 'UNIVERSAL LMS FINANCE & LEASING CORP', 2018, '2018-12-15', '2023-12-14', NULL, NULL, NULL),
(268, 'NCA3838', 'A9O759', '2019', 3, '1NRX387478', 'PA1B13F34J4075338', 'Thermalyte', 'UNIVERSAL LMS FINANCE & LEASING CORP', 2018, '2018-12-12', '2023-12-11', NULL, NULL, NULL),
(269, 'NBH4358', 'A7T337', '2019', 9, '2NRX350736', 'PA1B23F31J6004860', 'ALUMINA JADE', 'UNIVERSAL LMS FINANCE & LEASING CORP', 2018, '2018-12-12', '2023-12-11', NULL, NULL, NULL),
(270, 'NCA4756', 'A8Z737', '2019', 3, '1NRX376431', 'PA1B13F37J4072496', 'Thermalyte', 'UNIVERSAL LMS FINANCE & LEASING CORP', 2018, '2018-12-15', '2023-12-14', NULL, NULL, NULL),
(271, 'NCA3845', 'A9O383', '2019', 3, '1NRX385446', 'PA1B13F35J4075087', 'ALUMINA JADE', 'UNIVERSAL LMS FINANCE & LEASING CORP', 2018, '2018-12-12', '2023-12-11', NULL, NULL, NULL),
(272, 'NCA3865', 'A9O180', '2019', 3, '1NRX385339', 'PA1B13F38J4074998', 'RED', 'UNIVERSAL LMS FINANCE & LEASING CORP', 2018, '2018-12-12', '2023-12-11', NULL, NULL, NULL),
(273, 'NCS1380', 'A8Z695', '2019', 4, '1NRX375315', 'PA1B13F35J4072240', 'Thermalyte', 'UNIVERSAL LMS FINANCE & LEASING CORP', 2018, '2018-12-12', '2023-12-11', NULL, NULL, NULL),
(274, 'NCA3843', 'A8Z994', '2019', 3, '1NRX376735', 'PA1B113F32J4072789', 'FREEDOM WHITE', 'UNIVERSAL LMS FINANCE & LEASING CORP', 2018, '2018-12-12', '2023-12-11', NULL, NULL, NULL),
(275, 'NCA3842', 'A9O728', '2019', 3, '1NRX386320', 'PA1B13F36J4075325', 'Thermalyte', 'UNIVERSAL LMS FINANCE & LEASING CORP', 2018, '2018-12-12', '2023-12-11', NULL, NULL, NULL),
(276, 'NCA3840', 'A9O305', '2019', 3, '1NRX385439', 'PA1B13F36J4075079', 'ALUMINA JADE', 'UNIVERSAL LMS FINANCE & LEASING CORP', 2018, '2018-12-12', '2023-12-11', NULL, NULL, NULL),
(277, 'NCA3852', 'A9O272', '2019', 3, '1NRX385410', 'PA1B13F34J4075050', 'Thermalyte', 'UNIVERSAL LMS FINANCE & LEASING CORP', 2018, '2018-12-12', '2023-12-11', NULL, NULL, NULL),
(278, 'NCA3847', 'A9O300', '2019', 3, '1NRX385401', 'PA1B13F36J4075073', 'ALUMINA JADE', 'UNIVERSAL LMS FINANCE & LEASING CORP', 2018, '2018-12-12', '2023-12-11', NULL, NULL, NULL),
(279, 'NCA3849', 'A9O771', '2019', 3, '1NRX387486', 'PA1B13F35J4075347', 'Thermalyte', 'UNIVERSAL LMS FINANCE & LEASING CORP', 2018, '2018-12-12', '2023-12-11', NULL, NULL, NULL),
(280, 'NBH8682', 'A8I685', '2019', 13, '1ZRY525842', 'MR053REH1J6608378', 'Thermalyte', 'UNIVERSAL LMS FINANCE & LEASING CORP', 2018, '2018-12-12', '2023-12-11', NULL, NULL, NULL),
(281, 'NCA4349', 'A8X026', '2019', 4, '1NRX374443', 'PA1B13F35J4072125', 'Thermalyte', 'UNIVERSAL LMS FINANCE & LEASING CORP', 2018, '2018-12-12', '2023-12-11', NULL, NULL, NULL),
(282, 'NCA4350', 'A8U633', '2019', 4, '1NRX372725', 'PA1B13F39J4071642', 'Thermalyte', 'UNIVERSAL LMS FINANCE & LEASING CORP', 2018, '2018-12-12', '2023-12-11', NULL, NULL, NULL),
(283, 'NCA3846', 'A8R286', '2019', 3, '1NRX369083', 'PA1B13F36J4070979', 'ALUMINA JADE', 'UNIVERSAL LMS FINANCE & LEASING CORP', 2018, '2018-12-12', '2023-12-11', NULL, NULL, NULL),
(284, 'NCA3866', 'A9K392', '2019', 17, '1GD0570696', 'PA2GA8EM6J0054801', 'WHITE PEARL', 'UNIVERSAL LMS FINANCE & LEASING CORP', 2018, '2018-12-12', '2023-12-11', NULL, NULL, NULL),
(285, 'NCA3851', 'A9M596', '2019', 3, '1NRX383613', 'PA1B13F32J4074723', 'Thermalyte', 'UNIVERSAL LMS FINANCE & LEASING CORP', 2018, '2018-12-12', '2023-12-11', NULL, NULL, NULL),
(286, 'NCA3856', 'A9O209', '2019', 3, '1NRX385378', 'PA1B13F3XJ4075019', 'RED', 'UNIVERSAL LMS FINANCE & LEASING CORP', 2018, '2018-12-12', '2023-12-11', NULL, NULL, NULL),
(287, 'NCA3862', 'A8O632', '2019', 3, '1NRX366734', 'PA1B13F35J4070472', 'Thermalyte', 'UNIVERSAL LMS FINANCE & LEASING CORP', 2018, '2018-12-12', '2023-12-11', NULL, NULL, NULL),
(288, 'NCA3858', 'A9O279', '2019', 3, '1NRX385424', 'PA1B13F36J4075063', 'ALUMINA JADE', 'UNIVERSAL LMS FINANCE & LEASING CORP', 2018, '2018-12-12', '2023-12-11', NULL, NULL, NULL),
(289, 'NCA3863', 'A9O197', '2019', 3, '1NRX385363', 'PA1B13F33J4075010', 'RED', 'UNIVERSAL LMS FINANCE & LEASING CORP', 2018, '2018-12-12', '2023-12-11', NULL, NULL, NULL),
(290, 'NCA3864', 'A9O424', '2019', 3, '1NRX385566', 'PA1B13F35J4075151', 'ALUMINA JADE', 'UNIVERSAL LMS FINANCE & LEASING CORP', 2018, '2018-12-12', '2023-12-11', NULL, NULL, NULL),
(291, 'NCA3859', 'A9J279', '2019', 3, '1NRX379514', 'PA1B13F35J4074103', 'RED', 'UNIVERSAL LMS FINANCE & LEASING CORP', 2018, '2018-12-12', '2023-12-11', NULL, NULL, NULL),
(292, 'NCA3857', 'A8Z779', '2019', 3, '1NRX376438', 'PA1B13F36J4072506', 'RED', 'UNIVERSAL LMS FINANCE & LEASING CORP', 2018, '2018-12-12', '2023-12-11', NULL, NULL, NULL),
(293, 'NCS1881', 'A9Q050', '2019', 3, '1NRX387605', 'PA1B13F32J4075466', 'Thermalyte', 'UNIVERSAL LMS FINANCE & LEASING CORP', 2018, '2018-12-15', '2023-12-14', NULL, NULL, NULL),
(294, 'NCA4779', 'A9P987', '2019', 3, '1NRX387495', 'PA1B13F38J4075357', 'Thermalyte', 'UNIVERSAL LMS FINANCE & LEASING CORP', 2018, '2018-12-15', '2023-12-14', NULL, NULL, NULL),
(295, 'NCA4780', 'A9Q890', '2019', 3, '1NRX388757', 'PA1B13F32J4075886', 'FREEDOM WHITE', 'UNIVERSAL LMS FINANCE & LEASING CORP', 2018, '2018-12-15', '2023-12-14', NULL, NULL, NULL),
(296, 'NBT7182', 'P1E821', '2019', 1, '1KRA495179', 'MHKA4DE5FKJ010041', 'WHITE', 'UNIVERSAL LMS FINANCE & LEASING CORP', 2019, '2019-04-25', '2024-04-23', NULL, NULL, NULL),
(297, 'NCS1652', 'A8Y247', '2019', 3, '1NRX375593', 'PA1B13F34J4072343', 'Thermalyte', '', 2018, '2018-12-15', '2023-12-14', NULL, NULL, NULL),
(298, 'NAA8383', 'A1U833', '2018', 3, '1NRX212071', 'PA1B19F33H4045583', 'THERMALYTE', 'Orix Metro Leasing and Finance Corporation', 2017, '2017-12-21', '2022-12-20', NULL, NULL, NULL),
(299, 'NAI3043', 'A3N274', '2018', 1, '1KRA427766', 'MHKA4DE5FHJ003521', 'GRAY METALLIC', 'Orix Metro Leasing and Finance Corporation', 2017, '2017-12-29', '2025-05-26', NULL, NULL, NULL),
(300, 'NCL5873', 'A2P302', '2018', 1, '1KRA422207', 'MHKA4DE5FHJ002798', 'RED', 'Orix Metro Leasing and Finance Corporation', 2017, '2017-12-28', '2025-05-13', NULL, NULL, NULL),
(301, 'NCL5919', 'A3R070', '2018', 1, '1KRA428203', 'MHKA4DE5FHJ003586', 'ORANGE METALLIC', 'Orix Metro Leasing and Finance Corporation', 2017, '2017-12-28', '2025-03-26', NULL, NULL, NULL),
(302, 'NAO4469', 'A3U222', '2018', 1, '1KRA429646', 'MHKA4DE5FHJ003717', 'ORANGE METALLIC', 'Orix Metro Leasing and Finance Corporation', 2017, '2017-12-29', '2022-12-28', NULL, NULL, NULL),
(303, 'NAO4454', 'A1N800', '2018', 1, '1KRA416749', 'MHKA4DE5FHJ002594', 'WHITE', 'Orix Metro Leasing and Finance Corporation', 2017, '2017-12-29', '2025-02-18', NULL, NULL, NULL),
(304, 'NAI3619', 'A2N044', '2018', 1, '1KRA422115', 'MHKA4DE5FHJ002770', 'BLACK', 'Orix Metro Leasing and Finance Corporation', 2017, '2017-12-29', '2025-01-31', NULL, NULL, NULL);
INSERT INTO `vehicles` (`id`, `plate_no`, `cs_no`, `year_model`, `model_id`, `engine_no`, `chassis_no`, `color`, `financing`, `acquisition_year`, `date_acquired`, `date_due`, `lto_renewal_date`, `lto_or_copy`, `lto_cr_copy`) VALUES
(305, 'NCL5883', 'A3B843', '2018', 1, '1KRA424903', 'MHKA4DE5FHJ003155', 'WHITE', 'Orix Metro Leasing and Finance Corporation', 2017, '2017-12-29', '2024-11-26', NULL, NULL, NULL),
(306, 'NAO5057', 'A2P511', '2018', 1, '1KRA422208', 'MHKA4DE5FHJ002800', 'BLACK', 'Orix Metro Leasing and Finance Corporation', 2017, '2017-12-29', '2024-10-25', NULL, NULL, NULL),
(307, 'NAO4457', 'A3D392', '2018', 1, '1KRA425785', 'MHKA4DE5FHJ003251', 'WHITE', 'Orix Metro Leasing and Finance Corporation', 2017, '2017-12-29', '2024-08-31', NULL, NULL, NULL),
(308, 'NCL6230', 'A3L912', '2018', 1, '1KRA426971', 'MHKA4DE5FHJ003449', 'RED', 'Orix Metro Leasing and Finance Corporation', 2017, '2017-12-29', '2022-12-28', NULL, NULL, NULL),
(309, 'NCL6178', 'A3Z200', '2018', 5, '1NRX255471', 'PA1B19F33H4053019', 'BLACK', 'Orix Metro Leasing and Finance Corporation', 2018, '2017-12-29', '2022-12-28', NULL, NULL, NULL),
(310, 'NCL6218', 'A2I528', '2018', 3, '1NRX220380', 'PA1B19F32H4048037', 'RED MICA METALLIC', 'Orix Metro Leasing and Finance Corporation', 2017, '2017-12-22', '2022-12-21', NULL, NULL, NULL),
(311, 'NAI3079', 'A2P364', '2018', 1, '1KRA422047', 'MHKA4DE5FHJ002778', 'SILVER METALLIC', 'Orix Metro Leasing and Finance Corporation', 2017, '2017-12-22', '2022-12-21', NULL, NULL, NULL),
(312, 'NCL5917', 'A3N258', '2018', 1, '1KRA427449', 'MHKA4DE5FHJ003486', 'SILVER METALLIC', 'Orix Metro Leasing and Finance Corporation', 2017, '2017-12-28', '2022-12-27', NULL, NULL, NULL),
(313, 'NAI3071', 'A1D502', '2018', 1, '1KRA415143', 'MHKA4DE5FHJ002395', 'SILVER METALLIC', 'Orix Metro Leasing and Finance Corporation', 2017, '2017-12-22', '2022-12-21', NULL, NULL, NULL),
(314, 'NCL6080', 'A3N290', '2018', 1, '1KRA427451', 'MHKA4DE5FHJ003493', 'RED', 'Orix Metro Leasing and Finance Corporation', 2017, '2017-12-29', '2022-12-28', NULL, NULL, NULL),
(315, 'NCL5914', 'A3B866', '2018', 1, '1KRA424972', 'MHKA4DE5FHJ003160', 'GRAY METALLIC', 'Orix Metro Leasing and Finance Corporation', 2017, '2017-12-29', '2022-12-28', NULL, NULL, NULL),
(316, 'NCL5906', 'A3B904', '2018', 1, '1KRA425017', 'MHKA4DE5FHJ003169', 'GRAY METALLIC', 'Orix Metro Leasing and Finance Corporation', 2017, '2017-12-29', '2022-12-28', NULL, NULL, NULL),
(317, 'NBH4361', 'A7T429', '2018', 8, '2NRX350740', 'PA1B23F34J6004870', 'GRAYISH BLUE', 'UNIVERSAL LMS FINANCE & LEASING CORP', 2018, '2018-12-12', '2023-12-11', NULL, NULL, NULL),
(318, 'NBH4351', 'A8E563', '2018', 8, '2NRX359460', 'PA1B23F39J6005416', 'RED', 'UNIVERSAL LMS FINANCE & LEASING CORP', 2018, '2018-12-12', '2023-12-11', NULL, NULL, NULL),
(319, 'NBH4360', 'A7T682', '2018', 8, '2NRX350747', 'PA1B23F34J6004903', 'GRAYISH BLUE', 'UNIVERSAL LMS FINANCE & LEASING CORP', 2018, '2018-12-12', '2023-12-11', NULL, NULL, NULL),
(320, 'NCV4515', 'A3M952', '2018', 1, '1KRA427224', 'MHKA4DE5FHJ003459', 'SILVER METALLIC', 'Orix Metro Leasing and Finance Corporation', 2017, '2017-12-29', '2022-12-28', NULL, NULL, NULL),
(321, 'NCR9400', 'A4Z390', '2018', 9, '2NRX281236', 'PA1B29F39J6003748', 'BLACK', 'Orix Metro Leasing and Finance Corporation', 2018, '2018-04-23', '2023-04-22', NULL, NULL, NULL),
(322, 'NAO4468', 'A3M102', '2018', 1, '1KRA426856', 'MHKA4DE5FHJ003406', 'ORANGE METALLIC', 'Orix Metro Leasing and Finance Corporation', 2017, '2017-12-29', '2022-12-28', NULL, NULL, NULL),
(323, 'NAO4463', 'A3N194', '2018', 1, '1KRA427382', 'MHKA4DE5FHJ003489', 'GRAY METALLIC', 'Orix Metro Leasing and Finance Corporation', 2017, '2017-12-29', '2022-12-28', NULL, NULL, NULL),
(324, 'NAO4466', 'A3I193', '2018', 1, '1KRA426568', 'MHKA4DE5FHJ003369', 'ORANGE METALLIC', 'Orix Metro Leasing and Finance Corporation', 2017, '2017-12-29', '2022-12-28', NULL, NULL, NULL),
(325, 'NCV4516', 'A3M145', '2018', 1, '1KRA426976', 'MHKA4DE5FHJ003450', 'SILVER METALLIC', 'Orix Metro Leasing and Finance Corporation', 2017, '2017-12-29', '2022-12-28', NULL, NULL, NULL),
(326, 'NAA8385', 'A2E880', '2018', 3, '1NRX217656', 'PA1B19F38H4047281', 'THERMALYTE', 'Orix Metro Leasing and Finance Corporation', 2017, '2017-12-21', '2022-12-20', NULL, NULL, NULL),
(327, 'NCL5882', 'A3P958', '2018', 1, '1KRA427810', 'MHKA4DE5FHJ003561', 'BLACK', 'Orix Metro Leasing and Finance Corporation', 2017, '2017-12-29', '2022-12-28', NULL, NULL, NULL),
(328, 'NAI3080', 'A1D655', '2018', 1, '1KRA415320', 'MHKA4DE5FHJ002386', 'SILVER METALLIC', 'Orix Metro Leasing and Finance Corporation', 2017, '2017-12-22', '2022-12-21', NULL, NULL, NULL),
(329, 'NAI3007', 'A3P576', '2018', 1, '1KRA428155', 'MHKA4DE5FHJ003579', 'BLACK', 'Orix Metro Leasing and Finance Corporation', 2017, '2017-12-22', '2022-12-21', NULL, NULL, NULL),
(330, 'NCL5918', 'A0S091', '2018', 1, '1KRA412010', 'MHKA4DE5FHJ001979', 'SILVER METALLIC', 'Orix Metro Leasing and Finance Corporation', 2017, '2017-12-29', '2022-12-28', NULL, NULL, NULL),
(331, 'NCL5908', 'A3H987', '2018', 1, '1KRA426389', 'MHKA4DE5FHJ003353', 'GRAY METALLIC', 'Orix Metro Leasing and Finance Corporation', 2017, '2017-12-29', '2022-12-28', NULL, NULL, NULL),
(332, 'NCL5912', 'A3M186', '2018', 1, '1KRA426813', 'MHKA4DE5FHJ003402', 'GRAY METALLIC', 'Orix Metro Leasing and Finance Corporation', 2017, '2017-12-28', '2022-12-27', NULL, NULL, NULL),
(333, 'NCL5913', 'A2X918', '2018', 1, '1KRA424226', 'MHKA4DE5FHJ003065', 'GRAY METALLIC', 'Orix Metro Leasing and Finance Corporation', 2017, '2017-12-28', '2022-12-27', NULL, NULL, NULL),
(334, 'NCL5909', 'A3H224', '2018', 1, '1KRA425936', 'MHKA4DE5FHJ003282', 'GRAY METALLIC', 'Orix Metro Leasing and Finance Corporation', 2017, '2017-12-28', '2022-12-27', NULL, NULL, NULL),
(335, 'NCL5884', 'A3D364', '2018', 1, '1KRA425531', 'MHKA4DE5FHJ003227', 'BLACK', 'Orix Metro Leasing and Finance Corporation', 2017, '2017-12-28', '2022-12-27', NULL, NULL, NULL),
(336, 'NCL5907', 'A3H955', '2018', 1, '1KRA426318', 'MHKA4DE5FHJ003350', 'GRAY METALLIC', 'Orix Metro Leasing and Finance Corporation', 2017, '2017-12-28', '2022-12-27', NULL, NULL, NULL),
(337, 'NCL5920', 'A3N267', '2018', 1, '1KRA427519', 'MHKA4DE5FHJ003505', 'ORANGE METALLIC', 'Orix Metro Leasing and Finance Corporation', 2017, '2017-12-28', '2022-12-27', NULL, NULL, NULL),
(338, 'NCL5911', 'A3H999', '2018', 1, '1KRA426736', 'MHKA4DE5FHJ003393', 'GRAY METALLIC', 'Orix Metro Leasing and Finance Corporation', 2017, '2017-12-28', '2022-12-27', NULL, NULL, NULL),
(339, 'NCL6195', 'A1N530', '2018', 3, '1NRX206785', 'PA1B19F38H4044056', '', 'Orix Metro Leasing and Finance Corporation', 2017, '2017-12-22', '2022-12-21', NULL, NULL, NULL),
(340, 'NCL6199', 'A1T711', '2018', 3, '1NRX210214', 'PA1B19F3XH4045127', 'FREEDOM WHITE', 'Orix Metro Leasing and Finance Corporation', 2017, '2017-12-22', '2022-12-21', NULL, NULL, NULL),
(341, 'NCL6219', 'A3E135', '2018', 3, '1NRX230202', 'PA1B19F37H4050530', 'RED MICA METALLIC', 'Orix Metro Leasing and Finance Corporation', 2017, '2017-12-22', '2022-12-21', NULL, NULL, NULL),
(342, 'NAA8384', 'A2B471', '2018', 3, '1NRX214779', 'PA1B19F35H4046489', 'THERMALYTE', 'Orix Metro Leasing and Finance Corporation', 2017, '2017-12-21', '2022-12-20', NULL, NULL, NULL),
(343, 'NCB9104', 'A1Z891', '2018', 13, '1ZRY429531', 'MR053REH1H6606041', 'GRAY METALLIC', 'SBM LEASING INC', 2017, '2017-10-05', '2022-10-04', NULL, NULL, NULL),
(344, 'NAI7431', 'E0R616', '2018', 21, 'K24W72420596', 'JHMRC1830JC200635', 'WHITE', 'Orix Metro Leasing and Finance Corporation', 2018, '2018-03-02', '2023-03-01', NULL, NULL, NULL),
(345, 'NCB9103', 'A1Z665', '2018', 13, '1ZRY429329', 'MR053REH1H6606017', 'GRAY METALLIC', 'SBM LEASING INC', 2017, '2017-10-05', '2022-10-04', NULL, NULL, NULL),
(346, 'NCL5910', 'A3S379', '2018', 13, '1ZRY446184', 'MR053REH1H6606601', 'GRAY METALLIC', 'Orix Metro Leasing and Finance Corporation', 2017, '2017-12-29', '2022-12-28', NULL, NULL, NULL),
(347, 'NCL6196', 'A2C255', '2018', 3, '1NRX216338', 'PA1B19F33H4046944', 'THERMALYTE', 'Orix Metro Leasing and Finance Corporation', 2017, '2017-12-22', '2022-12-21', NULL, NULL, NULL),
(348, 'NAO5080', 'A3U473', '2018', 1, '1KRA429107', 'MHKA4DE5FHJ003643', 'GRAY METALLIC', 'Orix Metro Leasing and Finance Corporation', 2017, '2017-12-29', '2022-12-28', NULL, NULL, NULL),
(349, 'NAO4449', 'A3M072', '2018', 1, '1KRA427061', 'MHKA4DE5FHJ003432', 'RED', 'Orix Metro Leasing and Finance Corporation', 2017, '2017-12-29', '2022-12-28', NULL, NULL, NULL),
(350, 'NAI3046', 'A3N273', '2018', 1, '1KRA427422', 'MHKA4DE5FHJ003498', 'GRAY METALLIC', 'Orix Metro Leasing and Finance Corporation', 2017, '2017-12-22', '2022-12-21', NULL, NULL, NULL),
(351, 'NAA8387', 'A2L419', '2018', 3, '1NRX222083', 'PA1B19F35H4048601', 'WHITE', 'Orix Metro Leasing and Finance Corporation', 2017, '2017-12-21', '2022-12-20', NULL, NULL, NULL),
(352, 'NAA8386', 'A1U751', '2018', 3, '1NRX211163', 'PA1B19F39H4045457', 'THERMALYTE', 'Orix Metro Leasing and Finance Corporation', 2017, '2017-12-21', '2022-12-20', NULL, NULL, NULL),
(353, 'NAA8391', 'A1R794', '2018', 3, '1NRX209184', 'PA1B19F39H4044681', 'RED', 'Orix Metro Leasing and Finance Corporation', 2017, '2017-12-12', '2022-12-11', NULL, NULL, NULL),
(354, 'NCL6194', 'A1K500', '2018', 3, '1NRX205440', 'PA1B19F36H4043648', 'THERMALYTE', 'Orix Metro Leasing and Finance Corporation', 2017, '2017-12-22', '2022-12-21', NULL, NULL, NULL),
(355, 'NAT2049', 'WB0374', '2017', 17, '1GD0297768', 'PA2GA8EM9H0025321', 'THERMALYTE', 'SBM LEASING INC', 2017, '2017-06-30', '2022-06-29', NULL, NULL, NULL),
(356, 'NAO4467', 'WB3497', '2017', 1, '1KRA407208', 'MHKA4DE5FHJ001427', 'SILVER METALLIC', 'Orix Metro Leasing and Finance Corporation', 2017, '2017-12-29', '2022-12-28', NULL, NULL, NULL),
(357, 'NAO4455', 'WA8607', '2017', 1, '1KRA405037', 'MHKA4DE5FHJ001159', 'WHITE', 'Orix Metro Leasing and Finance Corporation', 2017, '2017-12-29', '2025-05-16', NULL, NULL, NULL),
(358, 'NAI3001', 'WB4392', '2017', 1, '1KRA407663', 'MHKA4DE5FHJ001508', 'BLACK', 'Orix Metro Leasing and Finance Corporation', 2017, '2017-12-22', '2025-05-16', NULL, NULL, NULL),
(359, 'NAI2999', 'A0F387', '2017', 1, '1KRA409399', 'MHKA4DE5FHJ001715', 'WHITE', 'Orix Metro Leasing and Finance Corporation', 2017, '2017-12-28', '2025-03-25', NULL, NULL, NULL),
(360, 'NBZ8346', 'A0F437', '2017', 1, '1KRA409352', 'MHKA4DE5FHJ001740', 'SILVER METALLIC', 'SBM LEASING INC', 2017, '2017-08-02', '2024-12-18', NULL, NULL, NULL),
(361, 'NCN6955', 'VQ5497', '2017', 1, '1KRA370269', 'MHKA4DE3FGJ012278', 'SILVER', 'SBM LEASING INC', 2017, '2017-05-10', '2024-12-06', NULL, NULL, NULL),
(362, 'NCN1332', 'VN6174', '2017', 1, '1KRA359893', 'MHKA4DE3FGJ011596', 'SILVER METALLIC', 'SBM LEASING INC', 2016, '2016-12-14', '2024-11-23', NULL, NULL, NULL),
(363, 'NCO6077', 'VZ9191', '2017', 1, '1KRA402048', 'MHKA4DE5FHJ000694', 'GRAY METALLIC', 'SBM LEASING INC', 2017, '2017-07-11', '2024-11-12', NULL, NULL, NULL),
(364, 'NBZ7376', 'WA8527', '2017', 1, '1KRA404852', 'MHKA4DE5FHJ00111', 'RED', 'SBM LEASING INC', 2017, '2017-08-02', '2024-07-30', NULL, NULL, NULL),
(365, 'NAI3072', 'A0W180', '2017', 1, '1KRA412514', 'MHKA4DE5FHJ002182', 'SILVER METALLIC', 'Orix Metro Leasing and Finance Corporation', 2017, '2017-12-22', '2023-02-03', NULL, NULL, NULL),
(366, 'NCN1330', 'VO0219', '2017', 1, '1KRA360526', 'MHKA4DE3FGJ011658', 'SILVER METALLIC', 'SBM LEASING INC', 2016, '2016-12-15', '2023-01-14', NULL, NULL, NULL),
(367, 'NCB5119', 'A1E142', '2017', 3, '1NRX198441', 'PA1B19F3XH4041739', 'FREEDOM WHITE', 'SBM LEASING INC', 2017, '2017-09-21', '2022-09-20', NULL, NULL, NULL),
(368, 'NAH5548', 'VR3148', '2017', 4, '1NRX102395', 'PA1B19F32H4018584', 'ALUMINA JADE THERMALITE', 'BDO Leasing and Finance Inc.', 2017, '2017-01-20', '2023-08-01', NULL, NULL, NULL),
(369, 'NCB3523', 'A0S715', '2017', 4, '1NRX186689', 'PA1B19F32H4039077', 'ORANGE METALLIC', 'SBM LEASING INC', 2017, '2017-09-21', '2022-09-20', NULL, NULL, NULL),
(370, 'NBZ8345', 'A0O210', '2017', 1, '1KRA410011', 'MHKA4DE5FHJ001793', 'WHITE', 'SBM LEASING INC', 2017, '2017-08-02', '2022-08-01', NULL, NULL, NULL),
(371, 'NCO6075', 'VZ9512', '2017', 1, '1KRA402083', 'MHKA4DE5FHJ000648', 'RED', 'SBM LEASING INC', 2017, '2017-07-06', '2022-07-05', NULL, NULL, NULL),
(372, 'NCN6960', 'VQ2696', '2017', 1, '1KRA368251', 'MHKA4DE3FGJ012138', 'SILVER METALLIC', 'SBM LEASING INC', 2017, '2017-05-12', '2022-05-11', NULL, NULL, NULL),
(373, 'NBZ8344', 'VZ9285', '2017', 1, '1KRA402815', 'MHKA4DE5FHJ000771', 'SILVER METALLIC', 'SBM LEASING INC', 2017, '2017-08-02', '2022-08-01', NULL, NULL, NULL),
(374, 'NAI3075', 'WA4354', '2017', 1, '1KRA404047', 'MHKA4DE5FHJ000981', 'SILVER METALLIC', 'Orix Metro Leasing and Finance Corporation', 2017, '2017-12-28', '2022-12-27', NULL, NULL, NULL),
(375, 'NCN8216', 'VK0234', '2017', 1, '1KRA345802', 'MHKA4DE3FGJ010701', 'DARK BLUE MICA METALLIC', 'SBM LEASING INC', 2017, '2016-12-14', '2022-12-13', NULL, NULL, NULL),
(376, 'NCO6071', 'VY6652', '2017', 1, '1KRA399071', 'MHKA4DE5FHJ000106', 'WHITE', 'SBM LEASING INC', 2017, '2017-07-11', '2022-07-10', NULL, NULL, NULL),
(377, 'NCO6074', 'VZ6688', '2017', 1, '1KRA401927', 'MHKA4DE5FHJ000603', 'GRAY METALLIC', 'SBM LEASING INC', 2017, '2017-07-11', '2022-07-10', NULL, NULL, NULL),
(378, 'NCN6951', 'VQ8016', '2017', 1, '1KRA373021', 'MHKA4DE3FGJ012516', 'WHITE', 'SBM LEASING INC', 2017, '2017-05-12', '2022-05-11', NULL, NULL, NULL),
(379, 'NCB2113', 'A1B705', '2017', 3, '1NRX196136', 'PA1B19F35H4041177', 'RED MICA METALLIC', 'SBM LEASING INC', 2017, '2017-08-29', '2022-08-28', NULL, NULL, NULL),
(380, 'NCO6076', 'VZ5043', '2017', 1, '1KRA401241', 'MHKA4DE5FHJ000469', 'GRAY METALLIC', 'SBM LEASING INC', 2017, '2017-07-07', '2022-07-06', NULL, NULL, NULL),
(381, 'NBZ7378', 'A0C138', '2017', 1, '1KRA408059', 'MHKA4DE5FHJ001626', 'RED', 'SBM LEASING INC', 2017, '2017-08-02', '2022-08-01', NULL, NULL, NULL),
(382, 'NCN1318', 'VL2918', '2017', 1, '1KRA352123', 'MHKA4DE3FGJ011053', 'RED', 'SBM LEASING INC', 2016, '2016-12-12', '2021-12-11', NULL, NULL, NULL),
(383, 'NBZ7379', 'VZ9082', '2017', 1, '1KRA402142', 'MHKA4DE3FHJ000613', 'GRAY METALLIC', 'SBM LEASING INC', 2017, '2017-08-02', '2022-08-01', NULL, NULL, NULL),
(384, 'NAO4450', 'WB1518', '2017', 1, '1KRA406371', 'MHKA4DE5FHJ001323', 'RED', 'Orix Metro Leasing and Finance Corporation', 2017, '2017-12-29', '2022-12-28', NULL, NULL, NULL),
(385, 'NAO4456', 'A0F394', '2017', 1, '1KRA409800', 'MHKA4DE5FHJ001776', 'BLACK', 'Orix Metro Leasing and Finance Corporation', 2017, '2017-12-29', '2022-12-28', NULL, NULL, NULL),
(386, 'NAI2972', 'A0C132', '2017', 1, '1KRA408080', 'MHKA4DE5FHJ001542', 'RED', 'Orix Metro Leasing and Finance Corporation', 2017, '2017-12-22', '2022-12-21', NULL, NULL, NULL),
(387, 'NCV4512', 'WA4400', '2017', 1, '1KRA403258', 'MHKA4DE5FHJ000919', 'BLACK', 'Orix Metro Leasing and Finance Corporation', 2017, '2017-12-29', '2022-12-28', NULL, NULL, NULL),
(388, 'NAI3076', 'A0B773', '2017', 1, '1KRA408447', 'MHKA4DE5FHJ001598', 'SILVER METALLIC', 'Orix Metro Leasing and Finance Corporation', 2017, '2017-12-22', '2022-12-21', NULL, NULL, NULL),
(389, 'NAI3077', 'WA8751', '2017', 1, '1KRA405215', 'MHKA4DE5FHJ001167', 'SILVER METALLIC', 'Orix Metro Leasing and Finance Corporation', 2017, '2017-12-22', '2022-12-21', NULL, NULL, NULL),
(390, 'NCP8841', 'A1E255', '2017', 8, '2NRX193861', 'PA1B29F38H6002620', 'BLUE MICA METALLIC', 'SBM LEASING INC', 2017, '2017-10-09', '2022-10-08', NULL, NULL, NULL),
(391, 'NCP8843', 'A1C888', '2017', 3, '1NRX197755', 'PA1B19F39H4041571', 'RED MICA METALLIC', 'SBM LEASING INC', 2017, '2017-10-05', '2022-10-04', NULL, NULL, NULL),
(392, 'NCP9905', 'A1E127', '2017', 3, '1NRX198425', 'PA1B19F31H4041726', 'FREEDOM WHITE', 'SBM LEASING INC', 2017, '2017-10-05', '2022-10-04', NULL, NULL, NULL),
(393, 'NCP8845', 'A1C866', '2017', 3, '1NRX197724', 'PA1B19F38H4041559', 'RED MICA METALLIC', 'SBM LEASING INC', 2017, '2017-10-05', '2022-10-04', NULL, NULL, NULL),
(394, 'NCP8288', 'A0Z492', '2017', 8, '2NRX192193', 'PA1B29F32H6002578', 'BLUE MICA METALLIC', 'SBM LEASING INC', 2017, '2017-10-03', '2022-10-02', NULL, NULL, NULL),
(395, 'NCP8287', 'A0P597', '2017', 8, '2NRX175402', 'PA1B29F37H6002415', 'ORANGE METALLIC', 'SBM LEASING INC', 2017, '2017-10-03', '2022-10-02', NULL, NULL, NULL),
(396, 'NCB5160', 'VX3635', '2017', 13, '1ZRX614782', 'MR053REH1H6604557', 'RED MICA METALLIC', 'SBM LEASING INC', 2017, '2017-09-21', '2022-09-20', NULL, NULL, NULL),
(397, 'NBB3093', 'A1E661', '2017', 3, '1NRX199394', 'PA1B19F3XH4042051', 'RED MICA METALLIC', 'SBM LEASING INC', 2017, '2017-09-21', '2022-09-20', NULL, NULL, NULL),
(398, 'NBB3097', 'A0S535', '2017', 3, '1NRX186381', 'PA1B19F33H4038925', 'WHITE', 'SBM LEASING INC', 2017, '2017-09-21', '2022-09-20', NULL, NULL, NULL),
(399, 'NCB3524', 'A0Z980', '2017', 4, '1NRX194672', 'PA1B19F39H4040940', 'BLACKISH RED MICA', 'SBM LEASING INC', 2017, '2017-09-21', '2022-09-20', NULL, NULL, NULL),
(400, 'NCB4660', 'A1G150', '2017', 13, '1ZRY422920', 'MR053REH1H6605787', 'ATTITUDE BLACK', 'SBM LEASING INC', 2017, '2017-09-21', '2022-09-20', NULL, NULL, NULL),
(401, 'NCB4661', 'A1F971', '2017', 13, '1ZRY414189', 'MR053REH1H6605733', 'THERMALYTE', 'SBM LEASING INC', 2017, '2017-09-21', '2022-09-20', NULL, NULL, NULL),
(402, 'NCB4662', 'A1F967', '2017', 13, '1ZRY422550', 'MR053REH1H6605774', 'GRAY METALLIC', 'SBM LEASING INC', 2017, '2017-09-21', '2022-09-20', NULL, NULL, NULL),
(403, 'NCB3522', 'A0A291', '2017', 8, '2NRX169388', 'PA1B29F35H6002154', 'BLACK', 'SBM LEASING INC', 2017, '2017-09-21', '2022-09-20', NULL, NULL, NULL),
(404, 'NCB4491', 'A1D001', '2017', 4, '1NRX190696', 'PA1B19F30H4039899', 'ALUMINA JADE', 'SBM LEASING INC', 2017, '2017-09-21', '2022-09-20', NULL, NULL, NULL),
(405, 'NCB2850', 'A0Z385', '2017', 8, '2NRX192191', 'PA1B29F33H6002573', 'ALUMINA JADE', 'SBM LEASING INC', 2017, '2017-09-21', '2022-09-20', NULL, NULL, NULL),
(406, 'NCB2845', 'A0X863', '2017', 4, '1NRX192239', 'PA1B19F38H4040329', 'BLACKISH RED', 'SBM LEASING INC', 2017, '2017-09-21', '2022-09-20', NULL, NULL, NULL),
(407, 'NCB2847', 'A0Z497', '2017', 3, '1NRX193888', 'PA1B19F36H4040667', 'SILVER', 'SBM LEASING INC', 2017, '2017-09-21', '2023-02-02', NULL, NULL, NULL),
(408, 'NCB2853', 'A0R490', '2017', 8, '2NRX176783', 'PA1B29F30H6002451', 'ALUMINA JADE', 'SBM LEASING INC', 2017, '2017-09-21', '2022-09-20', NULL, NULL, NULL),
(409, 'NCB2283', 'A1A299', '2017', 3, '1NRX196107', 'PA1B19F37H4041164', 'RED MICA METALLIC', 'SBM LEASING INC', 2017, '2017-09-21', '2022-09-20', NULL, NULL, NULL),
(410, 'NCB2114', 'A1E221', '2017', 3, '1NRX198508', 'PA1B19F31H4041788', 'RED MICA METALLIC', 'SBM LEASING INC', 2017, '2017-09-21', '2022-09-20', NULL, NULL, NULL),
(411, 'NBA6644', 'A0L534', '2017', 3, '1NRX179223', 'PA1B19F33H4036897', 'FREEDOM WHITE', 'SBM LEASING INC', 2017, '2017-09-21', '2022-09-20', NULL, NULL, NULL),
(412, 'NBA6648', 'A1B831', '2017', 3, '1NRX196487', 'PA1B19F34H4041252', 'THERMALYTE', 'SBM LEASING INC', 2017, '2017-09-21', '2022-09-20', NULL, NULL, NULL),
(413, 'NBA6646', 'A0Z693', '2017', 3, '1NRX194140', 'PA1B19F37H4040788', 'THERMALYTE', 'SBM LEASING INC', 2017, '2017-09-21', '2022-09-20', NULL, NULL, NULL),
(414, 'NBA6647', 'A0Z944', '2017', 3, '1NRX194667', 'PA1B19F38H4040931', 'THERMALYTE', 'SBM LEASING INC', 2017, '2017-08-30', '2022-08-29', NULL, NULL, NULL),
(415, 'NCB2073', 'A1E609', '2017', 3, '1NRX199356', 'PA1B19F38H4042016', 'FREEDOM WHITE', 'SBM LEASING INC', 2017, '2017-08-29', '2022-08-28', NULL, NULL, NULL),
(416, 'NCB2072', 'A1B949', '2017', 4, '1NRX196535', 'PA1B19F3XH4041322', 'BLACKISH RED MICA', 'SBM LEASING INC', 2017, '2017-08-29', '2022-08-28', NULL, NULL, NULL),
(417, 'NBZ9083', 'WA1797', '2017', 1, '1KRA403261', 'MHKA4DE5FHJ000929', 'WHITE', 'SBM LEASING INC', 2017, '2017-08-30', '2022-08-29', NULL, NULL, NULL),
(418, 'NCP3045', 'A1E169', '2017', 17, '1GD0329169', 'PA2GA8EM4H0029759', 'BLACKISH RED MICA', 'SBM LEASING INC', 2017, '2017-08-16', '2022-08-15', NULL, NULL, NULL),
(419, 'NBZ8340', 'A0F542', '2017', 1, '1KRA409198', 'MHKA4DE5FHJ001692', 'GRAY METALLIC', 'SBM LEASING INC', 2017, '2017-08-02', '2022-08-01', NULL, NULL, NULL),
(420, 'NBZ7380', 'VZ6790', '2017', 1, '1KRA401903', 'MHKA4DE3FHJ000569', 'SILVER METALLIC', 'SBM LEASING INC', 2017, '2017-08-02', '2022-08-01', NULL, NULL, NULL),
(421, 'NBZ7375', 'VZ9428', '2017', 1, '1KRA402608', 'MHKA4DE3FHJ000722', 'SILVER METALLIC', 'SBM LEASING INC', 2017, '2017-08-02', '2022-08-01', NULL, NULL, NULL),
(422, 'NCO6078', 'VZ4963', '2017', 1, '1KRA399711', 'MHKA4DE5FHJ000382', 'GRAY METALLIC', 'SBM LEASING INC', 2017, '2017-07-07', '2022-07-06', NULL, NULL, NULL),
(423, 'NAT1674', 'VY3629', '2017', 13, '1ZRX616625', 'MR053REH1H6604748', 'THERMALYTE', 'SBM LEASING INC', 2017, '2017-06-01', '2022-05-31', NULL, NULL, NULL),
(424, 'NCN6953', 'VQ8452', '2017', 1, '1KRA374385', 'MHKA4DE3FGJ012656', 'SILVER METALLIC', 'SBM LEASING INC', 2017, '2017-05-10', '2022-05-09', NULL, NULL, NULL),
(425, 'NCO1540', 'VQ2524', '2017', 1, '1KRA369429', 'MHKA4DE3FGJ012173', '', 'SBM LEASING INC', 2017, '2017-05-10', '2022-05-09', NULL, NULL, NULL),
(426, 'NCO1541', 'VU3462', '2017', 5, '1NRX118139', 'PA1B19F37H4021481', '', 'SBM LEASING INC', 2017, '2017-05-16', '2022-05-15', NULL, NULL, NULL),
(427, 'NCN6958', 'VQ2436', '2017', 1, '1KRA369434', 'MHKA4DE3FGJ012178', 'RED', 'SBM LEASING INC', 2017, '2017-05-11', '2023-12-06', NULL, NULL, NULL),
(428, 'NCN6950', 'VQ5784', '2017', 1, '1KRA371398', 'MHKA4DE3FGJ012373', '', 'SBM LEASING INC', 2017, '2017-05-10', '2022-05-09', NULL, NULL, NULL),
(429, 'NCN6385', 'VL6203', '2017', 1, '1KRA354324', 'MHKA4DE3FGJ011188', 'WHITE', 'SBM LEASING INC', 2016, '2016-12-20', '2021-12-19', NULL, NULL, NULL),
(430, 'NAH5549', 'VU2126', '2017', 4, '1NRX115878', 'PA1B19F30H4020818', 'THERMALYTE', 'BDO Leasing and Finance Inc.', 2017, '2017-02-10', '2022-02-09', NULL, NULL, NULL),
(431, 'NAE6022', 'VQ7651', '2017', 3, '1NRX097758', 'PA1B19F30G4017562', 'RED', 'BDO Leasing and Finance Inc.', 2017, '2017-01-12', '2022-01-11', NULL, NULL, NULL),
(432, 'NCN2997', 'VH6255', '2017', 1, '1KRA336912', 'MHKA4DE3FGJ010151', 'SILVER METALLIC', 'SBM LEASING INC', 2016, '2017-02-03', '2022-02-02', NULL, NULL, NULL),
(433, 'NCN1328', 'VO0130', '2017', 1, '1KRA360609', 'MHKA4DE3FGJ011670', 'SILVER METALLIC', 'SBM LEASING INC', 2016, '2016-12-15', '2021-12-14', NULL, NULL, NULL),
(434, 'NAE6024', 'VQ7588', '2017', 3, '1NRX097674', 'PA1B19F36G4017520', 'BLACKISH RED MICA', 'BDO Leasing and Finance Inc.', 2016, '2017-01-12', '2022-01-11', NULL, NULL, NULL),
(435, 'NCN3196', 'VN3307', '2017', 1, '1KRA357042', 'MHKA4DE3FGJ011399', 'DARK BLUE MICA METALLIC', 'SBM LEASING INC', 2016, '2016-12-13', '2021-12-12', NULL, NULL, NULL),
(436, 'NCN1319', 'VN6220', '2017', 1, '1KRA358481', 'MHKA4DE3FGJ011550', 'RED', 'SBM LEASING INC', 2016, '2016-12-12', '2021-12-11', NULL, NULL, NULL),
(437, 'NAD1297', 'VO2290', '2017', 17, '1GD0221209', 'PA2GA8EM8G0014163', 'PEARL WHITE', 'BDO Leasing and Finance Inc.', 2016, '2016-12-12', '2021-12-11', NULL, NULL, NULL),
(438, 'NAI3618', 'WB3493', '2017', 1, '1KRA407124', 'MHKA4DE5FHJ001416', 'WHITE', 'Orix Metro Leasing and Finance Corporation', 2017, '2017-12-29', '2022-12-28', NULL, NULL, NULL),
(439, 'NAI3073', 'WB3248', '2017', 1, '1KRA406578', 'MHKA4DE5FHJ001357', 'SILVER METALLIC', 'Orix Metro Leasing and Finance Corporation', 2017, '2017-12-22', '2022-12-21', NULL, NULL, NULL),
(440, 'NAI3074', 'A0N918', '2017', 1, '1KRA409883', 'MHKA4DE5FHJ001812', 'SILVER METALLIC', 'Orix Metro Leasing and Finance Corporation', 2017, '2017-12-22', '2022-12-21', NULL, NULL, NULL),
(441, 'NAI3045', 'A0U435', '2017', 1, '1KRA413074', 'MHKA4DE5FHJ002046', 'GRAY METALLIC', 'Orix Metro Leasing and Finance Corporation', 2017, '2017-12-28', '2022-12-27', NULL, NULL, NULL),
(442, 'NAI2973', 'A0F503', '2017', 1, '1KRA409026', 'MHKA4DE5FHJ001693', 'RED', 'Orix Metro Leasing and Finance Corporation', 2017, '2017-12-22', '2022-12-21', NULL, NULL, NULL),
(443, 'NBB3096', 'A0Q614', '2017', 3, '1NRX183820', 'PA1B19F34H4038433', 'RED MICA METALLIC', 'SBM LEASING INC', 2017, '2017-09-21', '2022-09-20', NULL, NULL, NULL),
(444, 'NCP8289', 'A0T991', '2017', 8, '2NRX187388', 'PA1B29F38H6002505', 'ALUMINA JADE METALLIC', 'SBM LEASING INC', 2017, '2017-10-04', '2022-10-03', NULL, NULL, NULL),
(445, 'NCP9906', 'A1K463', '2017', 8, '2NRX198476', 'PA1B29F37H6002687', 'THERMALYTE', 'SBM LEASING INC', 2017, '2017-10-04', '2022-10-03', NULL, NULL, NULL),
(446, 'NBB3094', 'A0X194', '2017', 3, '1NRX190668', 'PA1B19F36H4039888', 'RED', 'SBM LEASING INC', 2017, '2017-09-21', '2022-09-20', NULL, NULL, NULL),
(447, 'NBA6645', 'A0J849', '2017', 3, '1NRX178349', 'PA1B19F38H4036619', 'THERMALYTE', 'SBM LEASING INC', 2017, '2017-09-21', '2022-09-20', NULL, NULL, NULL),
(448, 'NCO6080', 'VZ6592', '2017', 1, '1KRA401739', 'MHKA4DE5FHJ000535', 'RED', 'SBM LEASING INC', 2017, '2017-07-06', '2022-07-05', NULL, NULL, NULL),
(449, 'NBZ8343', 'VZ9537', '2017', 1, '1KRA402253', 'MHKA4DE5FHJ000692', 'RED', 'SBM LEASING INC', 2017, '2017-08-02', '2022-08-01', NULL, NULL, NULL),
(450, 'NCN1329', 'VO0199', '2017', 1, '1KRA360418', 'MHKA4DE3FGJ011665', 'WHITE', 'SBM LEASING INC', 2016, '2016-12-15', '2025-01-18', NULL, NULL, NULL),
(451, 'NAD2080', 'VQ1372', '2017', 3, '1NRX090633', 'PA1B19F3XG4015883', 'THERMALYTE', 'BDO Leasing and Finance Inc.', 2016, '2017-01-12', '2022-01-11', NULL, NULL, NULL),
(452, 'NCN6954', 'VQ2559', '2017', 1, '1KRA369664', 'MHKA4DE3FGJ012207', 'RED', 'SBM LEASING INC', 2017, '2017-05-11', '2022-05-10', NULL, NULL, NULL),
(453, 'NCN1338', 'VK9674', '2017', 1, '1KRA350567', 'MHKA4DE3FGJ020948', 'SILVER METALLIC', 'SBM LEASING INC', 2016, '2016-12-03', '2024-01-02', NULL, NULL, NULL),
(454, 'ABQ4443', 'YV6143', '2016', 3, '2NZ7723550', 'NCP1512060858', 'RED MICA METALLIC', 'BDO Leasing and Finance Inc.', 2015, '2015-11-28', '2020-11-26', NULL, NULL, NULL),
(455, 'NAG6348', 'DU2287', '2016', 20, 'R18ZF1314686', 'MRHRU5850GP020728', 'MODERN STEEL', 'SBM LEASING INC', 2015, '2017-02-10', '2022-02-09', NULL, NULL, NULL),
(456, 'NDU6238', 'YY2292', '2016', 1, '1KRA269293', 'MHKA4DE3FGJ006833', 'Silver Metallic Paint', 'BDO Leasing and Finance Inc.', 2016, '2016-02-04', '2022-02-02', NULL, NULL, NULL),
(457, 'NCG9407', 'VF8530', '2016', 1, '1KRA325474', 'MHKA4DE3FGJ009575', 'Red ', 'SBM LEASING INC', 2016, '2016-07-25', '2022-07-24', NULL, NULL, NULL),
(458, 'NCG2371', 'VC6998', '2016', 1, '1KRA299903', 'MHKA4DE3FGJ008320', 'SILVER  METALLIC', '', 2016, '2016-05-24', '2021-05-23', NULL, NULL, NULL),
(459, 'NCG8866', 'YV7207', '2016', 3, '2NZ7731603', 'NCP1512061455', 'RED MICA METALLIC', 'BDO Leasing and Finance Inc.', 2015, '2015-11-25', '2020-11-23', NULL, NULL, NULL),
(460, 'NDU6212', 'YX9507', '2016', 1, '1KRA268062', 'MHKA4DE3FGJ006728', 'Gray Metallic Paint', 'BDO Leasing and Finance Inc.', 2016, '2016-01-25', '2025-04-07', NULL, NULL, NULL),
(461, 'NCG9397', 'YZ2053', '2016', 1, '1KRA280181', 'MHKA4DE3FGJ007466', 'RED', 'SBM LEASING INC', 2016, '2016-05-18', '2025-02-18', NULL, NULL, NULL),
(462, 'NDD9872', 'VF8782', '2016', 1, '1KRA324088', 'MHKA4DE3FGJ009494', 'Black', 'SBM LEASING INC', 2016, '2016-08-03', '2024-12-06', NULL, NULL, NULL),
(463, 'ABF2732', 'YO7092', '2015', 3, '2NZ7484543', 'NCP1512043724', 'THERMALYTE', 'UNIVERSAL LMS FINANCE & LEASING CORP', 2015, '2015-07-21', '2020-07-19', NULL, NULL, NULL),
(464, 'ACA8399', 'EE8141', '2015', 31, 'G3LAEP097952', 'KNABX511AFT860352', 'TITANIUM SILVER', '', 2014, '2014-11-28', '2019-11-27', NULL, NULL, NULL),
(465, 'ACA8403', 'EE8036', '2015', 31, 'G3LAEP097912', 'KNABX511AFT859719', 'LEMON GRASS GREEN', 'UNIVERSAL LMS FINANCE & LEASING CORP', 2014, '2014-11-28', '2019-11-27', NULL, NULL, NULL),
(466, 'AAI8023', 'EE5143', '2014', 31, 'G3LAEP039067', 'KNABX511AFT791235', 'CAFE MOCHA', 'Orix Metro Leasing and Finance Corporation', 2014, '2014-04-30', '2019-04-29', NULL, NULL, NULL),
(467, 'AAK3075', 'EE1748', '2014', 31, 'G3LADP154917', 'KNABX511AET682433', 'CAFE MOCHA', 'UNIVERSAL LMS FINANCE & LEASING CORP', 2014, '2014-02-26', '2019-02-25', NULL, NULL, NULL),
(468, 'AAM1370', 'YB8999', '2014', 8, '1NZY982774', 'NCP150-2002765', 'Orange Metallic', 'Orix Metro Leasing and Finance Corporation', 2014, '2014-03-28', '2019-03-27', NULL, NULL, NULL),
(469, 'AAI8024', 'EE5141', '2014', 31, 'G3LAEP039033', 'KNABX511AFT791233', 'CAFE MOCHA', 'Orix Metro Leasing and Finance Corporation', 2015, '2014-05-30', '2019-05-29', NULL, NULL, NULL),
(470, 'AAI8018', 'EE5142', '2014', 31, 'G3LAEP039035', 'KNABX511AFT791234', 'CAFE MOCHA', 'Orix Metro Leasing and Finance Corporation', 2014, '2014-05-30', '2019-05-29', NULL, NULL, NULL),
(471, 'AAK3078', 'EE1767', '2014', 31, 'G3LADP153678', 'KNABX511AET682481', 'SIGNAL RED', 'UNIVERSAL LMS FINANCE & LEASING CORP', 2014, '2014-01-29', '2019-01-28', NULL, NULL, NULL),
(472, 'AAK3090', 'EE2685', '2014', 31, 'G3LADP176442', 'KNABX511AET710760', 'GALAXY BLACK', 'UNIVERSAL LMS FINANCE & LEASING CORP', 2014, '2014-02-26', '2019-02-25', NULL, NULL, NULL),
(473, 'AAK3085', 'EE2175', '2014', 31, 'G3LADP162449', 'KNABX511AET693644', 'LEMON GRASS GREEN', 'UNIVERSAL LMS FINANCE & LEASING CORP', 2014, '2014-02-26', '2019-02-25', NULL, NULL, NULL),
(474, 'WID129', 'ED8036', '2013', 31, 'G3LADP020813', 'KNABX511ADT510897', 'SIGNAL RED', 'UCPB', 2013, '2013-09-30', '2018-09-29', NULL, NULL, NULL),
(475, 'URQ159', 'ED8034', '2013', 31, 'G3LADP019655', 'KNABX511ADT510895', 'SIGNAL RED', 'UCPB', 2013, '2013-07-31', '2018-07-30', NULL, NULL, NULL),
(476, 'UBO113', 'ED5697', '2013', 31, 'G3LACP172279', 'KNABX511ADT430695', 'TITANIUM SILVER', '', 2013, '2013-03-25', '2018-03-24', NULL, NULL, NULL),
(477, 'UCI375', '', '2012', 31, 'G3LACP024908', 'KNABX511ACT271889', 'TITANIUM SILVER', '', 2012, '2012-03-30', '2017-03-29', NULL, NULL, NULL),
(478, 'PIS924', 'TE2265', '2011', 13, '3ZZB026600', 'MR053ZEE106183982', 'BEIGE METALLIC', '', 2011, '2010-08-24', '2015-08-23', NULL, NULL, NULL),
(479, 'NOW990', '', '2010', 34, 'G4HG9684961', 'KMHBT51GAAU962064', 'EBONY BLACK', '', 2008, '2009-12-30', '2014-12-29', NULL, NULL, NULL),
(480, 'ZPA970', '', '2008', 34, 'G4HG7289944', 'KMHBT51GP8U749839', 'RED', '', 2007, '2009-02-01', '2014-01-31', NULL, NULL, NULL);

--
-- Constraints for dumped tables
--

--
-- Constraints for table `car_expenses`
--
ALTER TABLE `car_expenses`
  ADD CONSTRAINT `car_expenses_request_history_id_foreign` FOREIGN KEY (`request_history_id`) REFERENCES `request_histories` (`id`),
  ADD CONSTRAINT `car_expenses_vehicle_id_foreign` FOREIGN KEY (`vehicle_id`) REFERENCES `vehicles` (`id`);

--
-- Constraints for table `models`
--
ALTER TABLE `models`
  ADD CONSTRAINT `models_car_brand_id_foreign` FOREIGN KEY (`car_brand_id`) REFERENCES `car_brands` (`id`);

--
-- Constraints for table `request_histories`
--
ALTER TABLE `request_histories`
  ADD CONSTRAINT `request_histories_mode_of_transaction_id_foreign` FOREIGN KEY (`mode_of_transaction_id`) REFERENCES `mode_of_transactions` (`id`),
  ADD CONSTRAINT `request_histories_status_id_foreign` FOREIGN KEY (`status_id`) REFERENCES `statuses` (`id`),
  ADD CONSTRAINT `request_histories_type_of_request_id_foreign` FOREIGN KEY (`type_of_request_id`) REFERENCES `type_of_requests` (`id`),
  ADD CONSTRAINT `request_histories_user_id_foreign` FOREIGN KEY (`user_id`) REFERENCES `users` (`id`);

--
-- Constraints for table `users`
--
ALTER TABLE `users`
  ADD CONSTRAINT `users_bu_dept_id_foreign` FOREIGN KEY (`bu_dept_id`) REFERENCES `bu_depts` (`id`),
  ADD CONSTRAINT `users_role_id_foreign` FOREIGN KEY (`role_id`) REFERENCES `roles` (`id`),
  ADD CONSTRAINT `users_vehicle_id_foreign` FOREIGN KEY (`vehicle_id`) REFERENCES `vehicles` (`id`);

--
-- Constraints for table `vehicles`
--
ALTER TABLE `vehicles`
  ADD CONSTRAINT `vehicles_model_id_foreign` FOREIGN KEY (`model_id`) REFERENCES `models` (`id`);
COMMIT;

/*!40101 SET CHARACTER_SET_CLIENT=@OLD_CHARACTER_SET_CLIENT */;
/*!40101 SET CHARACTER_SET_RESULTS=@OLD_CHARACTER_SET_RESULTS */;
/*!40101 SET COLLATION_CONNECTION=@OLD_COLLATION_CONNECTION */;
